The target system is: Linux -  - aarch64
The host system is: Linux - 6.8.0-138-generic - x86_64
Compiling the C compiler identification source file "CMakeCCompilerId.c" succeeded.
Compiler: /home/hkd/Downloads/orangepi-build-next/toolchains/gcc-arm-11.2-2022.02-x86_64-aarch64-none-linux-gnu/bin/aarch64-none-linux-gnu-gcc 
Build flags: -march=armv8-a
Id flags:  

The output was:
0


Compilation of the C compiler identification source "CMakeCCompilerId.c" produced "a.out"

The C compiler identification is GNU, found in "/home/hkd/Desktop/ncnn_video/build/CMakeFiles/3.22.1/CompilerIdC/a.out"

Compiling the CXX compiler identification source file "CMakeCXXCompilerId.cpp" succeeded.
Compiler: /home/hkd/Downloads/orangepi-build-next/toolchains/gcc-arm-11.2-2022.02-x86_64-aarch64-none-linux-gnu/bin/aarch64-none-linux-gnu-g++ 
Build flags: -march=armv8-a
Id flags:  

The output was:
0


Compilation of the CXX compiler identification source "CMakeCXXCompilerId.cpp" produced "a.out"

The CXX compiler identification is GNU, found in "/home/hkd/Desktop/ncnn_video/build/CMakeFiles/3.22.1/CompilerIdCXX/a.out"

Detecting C compiler ABI info compiled with the following output:
Change Dir: /home/hkd/Desktop/ncnn_video/build/CMakeFiles/CMakeTmp

Run Build Command(s):/usr/bin/gmake -f Makefile cmTC_b5cca/fast && /usr/bin/gmake  -f CMakeFiles/cmTC_b5cca.dir/build.make CMakeFiles/cmTC_b5cca.dir/build
gmake[1]: Entering directory '/home/hkd/Desktop/ncnn_video/build/CMakeFiles/CMakeTmp'
Building C object CMakeFiles/cmTC_b5cca.dir/CMakeCCompilerABI.c.o
/home/hkd/Downloads/orangepi-build-next/toolchains/gcc-arm-11.2-2022.02-x86_64-aarch64-none-linux-gnu/bin/aarch64-none-linux-gnu-gcc   -march=armv8-a    -v -o CMakeFiles/cmTC_b5cca.dir/CMakeCCompilerABI.c.o -c /usr/share/cmake-3.22/Modules/CMakeCCompilerABI.c
Using built-in specs.
COLLECT_GCC=/home/hkd/Downloads/orangepi-build-next/toolchains/gcc-arm-11.2-2022.02-x86_64-aarch64-none-linux-gnu/bin/aarch64-none-linux-gnu-gcc
Target: aarch64-none-linux-gnu
Configured with: /data/jenkins/workspace/GNU-toolchain/arm-11/src/gcc/configure --target=aarch64-none-linux-gnu --prefix= --with-sysroot=/aarch64-none-linux-gnu/libc --with-build-sysroot=/data/jenkins/workspace/GNU-toolchain/arm-11/build-aarch64-none-linux-gnu/install//aarch64-none-linux-gnu/libc --with-bugurl=https://bugs.linaro.org/ --enable-gnu-indirect-function --enable-shared --disable-libssp --disable-libmudflap --enable-checking=release --enable-languages=c,c++,fortran --with-gmp=/data/jenkins/workspace/GNU-toolchain/arm-11/build-aarch64-none-linux-gnu/host-tools --with-mpfr=/data/jenkins/workspace/GNU-toolchain/arm-11/build-aarch64-none-linux-gnu/host-tools --with-mpc=/data/jenkins/workspace/GNU-toolchain/arm-11/build-aarch64-none-linux-gnu/host-tools --with-isl=/data/jenkins/workspace/GNU-toolchain/arm-11/build-aarch64-none-linux-gnu/host-tools --enable-fix-cortex-a53-843419 --with-pkgversion='GNU Toolchain for the Arm Architecture 11.2-2022.02 (arm-11.14)'
Thread model: posix
Supported LTO compression algorithms: zlib
gcc version 11.2.1 20220111 (GNU Toolchain for the Arm Architecture 11.2-2022.02 (arm-11.14)) 
COLLECT_GCC_OPTIONS='-march=armv8-a' '-v' '-o' 'CMakeFiles/cmTC_b5cca.dir/CMakeCCompilerABI.c.o' '-c' '-mlittle-endian' '-mabi=lp64' '-dumpdir' 'CMakeFiles/cmTC_b5cca.dir/'
 /home/hkd/Downloads/orangepi-build-next/toolchains/gcc-arm-11.2-2022.02-x86_64-aarch64-none-linux-gnu/bin/../libexec/gcc/aarch64-none-linux-gnu/11.2.1/cc1 -quiet -v -iprefix /home/hkd/Downloads/orangepi-build-next/toolchains/gcc-arm-11.2-2022.02-x86_64-aarch64-none-linux-gnu/bin/../lib/gcc/aarch64-none-linux-gnu/11.2.1/ -isysroot /home/hkd/Downloads/orangepi-build-next/toolchains/gcc-arm-11.2-2022.02-x86_64-aarch64-none-linux-gnu/bin/../aarch64-none-linux-gnu/libc /usr/share/cmake-3.22/Modules/CMakeCCompilerABI.c -quiet -dumpdir CMakeFiles/cmTC_b5cca.dir/ -dumpbase CMakeCCompilerABI.c.c -dumpbase-ext .c -march=armv8-a -mlittle-endian -mabi=lp64 -version -o /tmp/cctgEpwM.s
GNU C17 (GNU Toolchain for the Arm Architecture 11.2-2022.02 (arm-11.14)) version 11.2.1 20220111 (aarch64-none-linux-gnu)
	compiled by GNU C version 4.8.5 20150623 (Red Hat 4.8.5-44), GMP version 6.2.1, MPFR version 3.1.6, MPC version 1.0.3, isl version isl-0.15-1-g835ea3a-GMP

GGC heuristics: --param ggc-min-expand=100 --param ggc-min-heapsize=131072
ignoring duplicate directory "/home/hkd/Downloads/orangepi-build-next/toolchains/gcc-arm-11.2-2022.02-x86_64-aarch64-none-linux-gnu/bin/../lib/gcc/../../lib/gcc/aarch64-none-linux-gnu/11.2.1/include"
ignoring nonexistent directory "/home/hkd/Downloads/orangepi-build-next/toolchains/gcc-arm-11.2-2022.02-x86_64-aarch64-none-linux-gnu/bin/../aarch64-none-linux-gnu/libc/usr/local/include"
ignoring duplicate directory "/home/hkd/Downloads/orangepi-build-next/toolchains/gcc-arm-11.2-2022.02-x86_64-aarch64-none-linux-gnu/bin/../lib/gcc/../../lib/gcc/aarch64-none-linux-gnu/11.2.1/include-fixed"
ignoring duplicate directory "/home/hkd/Downloads/orangepi-build-next/toolchains/gcc-arm-11.2-2022.02-x86_64-aarch64-none-linux-gnu/bin/../lib/gcc/../../lib/gcc/aarch64-none-linux-gnu/11.2.1/../../../../aarch64-none-linux-gnu/include"
#include "..." search starts here:
#include <...> search starts here:
 /home/hkd/Downloads/orangepi-build-next/toolchains/gcc-arm-11.2-2022.02-x86_64-aarch64-none-linux-gnu/bin/../lib/gcc/aarch64-none-linux-gnu/11.2.1/include
 /home/hkd/Downloads/orangepi-build-next/toolchains/gcc-arm-11.2-2022.02-x86_64-aarch64-none-linux-gnu/bin/../lib/gcc/aarch64-none-linux-gnu/11.2.1/include-fixed
 /home/hkd/Downloads/orangepi-build-next/toolchains/gcc-arm-11.2-2022.02-x86_64-aarch64-none-linux-gnu/bin/../lib/gcc/aarch64-none-linux-gnu/11.2.1/../../../../aarch64-none-linux-gnu/include
 /home/hkd/Downloads/orangepi-build-next/toolchains/gcc-arm-11.2-2022.02-x86_64-aarch64-none-linux-gnu/bin/../aarch64-none-linux-gnu/libc/usr/include
End of search list.
GNU C17 (GNU Toolchain for the Arm Architecture 11.2-2022.02 (arm-11.14)) version 11.2.1 20220111 (aarch64-none-linux-gnu)
	compiled by GNU C version 4.8.5 20150623 (Red Hat 4.8.5-44), GMP version 6.2.1, MPFR version 3.1.6, MPC version 1.0.3, isl version isl-0.15-1-g835ea3a-GMP

GGC heuristics: --param ggc-min-expand=100 --param ggc-min-heapsize=131072
Compiler executable checksum: 828328e97aaac243e4f3ffd92b3aef1b
COLLECT_GCC_OPTIONS='-march=armv8-a' '-v' '-o' 'CMakeFiles/cmTC_b5cca.dir/CMakeCCompilerABI.c.o' '-c' '-mlittle-endian' '-mabi=lp64' '-dumpdir' 'CMakeFiles/cmTC_b5cca.dir/'
 /home/hkd/Downloads/orangepi-build-next/toolchains/gcc-arm-11.2-2022.02-x86_64-aarch64-none-linux-gnu/bin/../lib/gcc/aarch64-none-linux-gnu/11.2.1/../../../../aarch64-none-linux-gnu/bin/as -v -EL -march=armv8-a -mabi=lp64 -o CMakeFiles/cmTC_b5cca.dir/CMakeCCompilerABI.c.o /tmp/cctgEpwM.s
GNU assembler version 2.37 (aarch64-none-linux-gnu) using BFD version (GNU Toolchain for the Arm Architecture 11.2-2022.02 (arm-11.14)) 2.37.20220122
COMPILER_PATH=/home/hkd/Downloads/orangepi-build-next/toolchains/gcc-arm-11.2-2022.02-x86_64-aarch64-none-linux-gnu/bin/../libexec/gcc/aarch64-none-linux-gnu/11.2.1/:/home/hkd/Downloads/orangepi-build-next/toolchains/gcc-arm-11.2-2022.02-x86_64-aarch64-none-linux-gnu/bin/../libexec/gcc/:/home/hkd/Downloads/orangepi-build-next/toolchains/gcc-arm-11.2-2022.02-x86_64-aarch64-none-linux-gnu/bin/../lib/gcc/aarch64-none-linux-gnu/11.2.1/../../../../aarch64-none-linux-gnu/bin/
LIBRARY_PATH=/home/hkd/Downloads/orangepi-build-next/toolchains/gcc-arm-11.2-2022.02-x86_64-aarch64-none-linux-gnu/bin/../lib/gcc/aarch64-none-linux-gnu/11.2.1/:/home/hkd/Downloads/orangepi-build-next/toolchains/gcc-arm-11.2-2022.02-x86_64-aarch64-none-linux-gnu/bin/../lib/gcc/:/home/hkd/Downloads/orangepi-build-next/toolchains/gcc-arm-11.2-2022.02-x86_64-aarch64-none-linux-gnu/bin/../lib/gcc/aarch64-none-linux-gnu/11.2.1/../../../../aarch64-none-linux-gnu/lib/../lib64/:/home/hkd/Downloads/orangepi-build-next/toolchains/gcc-arm-11.2-2022.02-x86_64-aarch64-none-linux-gnu/bin/../aarch64-none-linux-gnu/libc/lib/../lib64/:/home/hkd/Downloads/orangepi-build-next/toolchains/gcc-arm-11.2-2022.02-x86_64-aarch64-none-linux-gnu/bin/../aarch64-none-linux-gnu/libc/usr/lib/../lib64/:/home/hkd/Downloads/orangepi-build-next/toolchains/gcc-arm-11.2-2022.02-x86_64-aarch64-none-linux-gnu/bin/../lib/gcc/aarch64-none-linux-gnu/11.2.1/../../../../aarch64-none-linux-gnu/lib/:/home/hkd/Downloads/orangepi-build-next/toolchains/gcc-arm-11.2-2022.02-x86_64-aarch64-none-linux-gnu/bin/../aarch64-none-linux-gnu/libc/lib/:/home/hkd/Downloads/orangepi-build-next/toolchains/gcc-arm-11.2-2022.02-x86_64-aarch64-none-linux-gnu/bin/../aarch64-none-linux-gnu/libc/usr/lib/
COLLECT_GCC_OPTIONS='-march=armv8-a' '-v' '-o' 'CMakeFiles/cmTC_b5cca.dir/CMakeCCompilerABI.c.o' '-c' '-mlittle-endian' '-mabi=lp64' '-dumpdir' 'CMakeFiles/cmTC_b5cca.dir/CMakeCCompilerABI.c.'
Linking C executable cmTC_b5cca
/usr/bin/cmake -E cmake_link_script CMakeFiles/cmTC_b5cca.dir/link.txt --verbose=1
/home/hkd/Downloads/orangepi-build-next/toolchains/gcc-arm-11.2-2022.02-x86_64-aarch64-none-linux-gnu/bin/aarch64-none-linux-gnu-gcc -march=armv8-a   -v CMakeFiles/cmTC_b5cca.dir/CMakeCCompilerABI.c.o -o cmTC_b5cca 
Using built-in specs.
COLLECT_GCC=/home/hkd/Downloads/orangepi-build-next/toolchains/gcc-arm-11.2-2022.02-x86_64-aarch64-none-linux-gnu/bin/aarch64-none-linux-gnu-gcc
COLLECT_LTO_WRAPPER=/home/hkd/Downloads/orangepi-build-next/toolchains/gcc-arm-11.2-2022.02-x86_64-aarch64-none-linux-gnu/bin/../libexec/gcc/aarch64-none-linux-gnu/11.2.1/lto-wrapper
Target: aarch64-none-linux-gnu
Configured with: /data/jenkins/workspace/GNU-toolchain/arm-11/src/gcc/configure --target=aarch64-none-linux-gnu --prefix= --with-sysroot=/aarch64-none-linux-gnu/libc --with-build-sysroot=/data/jenkins/workspace/GNU-toolchain/arm-11/build-aarch64-none-linux-gnu/install//aarch64-none-linux-gnu/libc --with-bugurl=https://bugs.linaro.org/ --enable-gnu-indirect-function --enable-shared --disable-libssp --disable-libmudflap --enable-checking=release --enable-languages=c,c++,fortran --with-gmp=/data/jenkins/workspace/GNU-toolchain/arm-11/build-aarch64-none-linux-gnu/host-tools --with-mpfr=/data/jenkins/workspace/GNU-toolchain/arm-11/build-aarch64-none-linux-gnu/host-tools --with-mpc=/data/jenkins/workspace/GNU-toolchain/arm-11/build-aarch64-none-linux-gnu/host-tools --with-isl=/data/jenkins/workspace/GNU-toolchain/arm-11/build-aarch64-none-linux-gnu/host-tools --enable-fix-cortex-a53-843419 --with-pkgversion='GNU Toolchain for the Arm Architecture 11.2-2022.02 (arm-11.14)'
Thread model: posix
Supported LTO compression algorithms: zlib
gcc version 11.2.1 20220111 (GNU Toolchain for the Arm Architecture 11.2-2022.02 (arm-11.14)) 
COMPILER_PATH=/home/hkd/Downloads/orangepi-build-next/toolchains/gcc-arm-11.2-2022.02-x86_64-aarch64-none-linux-gnu/bin/../libexec/gcc/aarch64-none-linux-gnu/11.2.1/:/home/hkd/Downloads/orangepi-build-next/toolchains/gcc-arm-11.2-2022.02-x86_64-aarch64-none-linux-gnu/bin/../libexec/gcc/:/home/hkd/Downloads/orangepi-build-next/toolchains/gcc-arm-11.2-2022.02-x86_64-aarch64-none-linux-gnu/bin/../lib/gcc/aarch64-none-linux-gnu/11.2.1/../../../../aarch64-none-linux-gnu/bin/
LIBRARY_PATH=/home/hkd/Downloads/orangepi-build-next/toolchains/gcc-arm-11.2-2022.02-x86_64-aarch64-none-linux-gnu/bin/../lib/gcc/aarch64-none-linux-gnu/11.2.1/:/home/hkd/Downloads/orangepi-build-next/toolchains/gcc-arm-11.2-2022.02-x86_64-aarch64-none-linux-gnu/bin/../lib/gcc/:/home/hkd/Downloads/orangepi-build-next/toolchains/gcc-arm-11.2-2022.02-x86_64-aarch64-none-linux-gnu/bin/../lib/gcc/aarch64-none-linux-gnu/11.2.1/../../../../aarch64-none-linux-gnu/lib/../lib64/:/home/hkd/Downloads/orangepi-build-next/toolchains/gcc-arm-11.2-2022.02-x86_64-aarch64-none-linux-gnu/bin/../aarch64-none-linux-gnu/libc/lib/../lib64/:/home/hkd/Downloads/orangepi-build-next/toolchains/gcc-arm-11.2-2022.02-x86_64-aarch64-none-linux-gnu/bin/../aarch64-none-linux-gnu/libc/usr/lib/../lib64/:/home/hkd/Downloads/orangepi-build-next/toolchains/gcc-arm-11.2-2022.02-x86_64-aarch64-none-linux-gnu/bin/../lib/gcc/aarch64-none-linux-gnu/11.2.1/../../../../aarch64-none-linux-gnu/lib/:/home/hkd/Downloads/orangepi-build-next/toolchains/gcc-arm-11.2-2022.02-x86_64-aarch64-none-linux-gnu/bin/../aarch64-none-linux-gnu/libc/lib/:/home/hkd/Downloads/orangepi-build-next/toolchains/gcc-arm-11.2-2022.02-x86_64-aarch64-none-linux-gnu/bin/../aarch64-none-linux-gnu/libc/usr/lib/
COLLECT_GCC_OPTIONS='-march=armv8-a' '-v' '-o' 'cmTC_b5cca' '-mlittle-endian' '-mabi=lp64' '-dumpdir' 'cmTC_b5cca.'
 /home/hkd/Downloads/orangepi-build-next/toolchains/gcc-arm-11.2-2022.02-x86_64-aarch64-none-linux-gnu/bin/../libexec/gcc/aarch64-none-linux-gnu/11.2.1/collect2 -plugin /home/hkd/Downloads/orangepi-build-next/toolchains/gcc-arm-11.2-2022.02-x86_64-aarch64-none-linux-gnu/bin/../libexec/gcc/aarch64-none-linux-gnu/11.2.1/liblto_plugin.so -plugin-opt=/home/hkd/Downloads/orangepi-build-next/toolchains/gcc-arm-11.2-2022.02-x86_64-aarch64-none-linux-gnu/bin/../libexec/gcc/aarch64-none-linux-gnu/11.2.1/lto-wrapper -plugin-opt=-fresolution=/tmp/ccns2W4Y.res -plugin-opt=-pass-through=-lgcc -plugin-opt=-pass-through=-lgcc_s -plugin-opt=-pass-through=-lc -plugin-opt=-pass-through=-lgcc -plugin-opt=-pass-through=-lgcc_s --sysroot=/home/hkd/Downloads/orangepi-build-next/toolchains/gcc-arm-11.2-2022.02-x86_64-aarch64-none-linux-gnu/bin/../aarch64-none-linux-gnu/libc --eh-frame-hdr -dynamic-linker /lib/ld-linux-aarch64.so.1 -X -EL -maarch64linux --fix-cortex-a53-843419 -o cmTC_b5cca /home/hkd/Downloads/orangepi-build-next/toolchains/gcc-arm-11.2-2022.02-x86_64-aarch64-none-linux-gnu/bin/../aarch64-none-linux-gnu/libc/usr/lib/../lib64/crt1.o /home/hkd/Downloads/orangepi-build-next/toolchains/gcc-arm-11.2-2022.02-x86_64-aarch64-none-linux-gnu/bin/../aarch64-none-linux-gnu/libc/usr/lib/../lib64/crti.o /home/hkd/Downloads/orangepi-build-next/toolchains/gcc-arm-11.2-2022.02-x86_64-aarch64-none-linux-gnu/bin/../lib/gcc/aarch64-none-linux-gnu/11.2.1/crtbegin.o -L/home/hkd/Downloads/orangepi-build-next/toolchains/gcc-arm-11.2-2022.02-x86_64-aarch64-none-linux-gnu/bin/../lib/gcc/aarch64-none-linux-gnu/11.2.1 -L/home/hkd/Downloads/orangepi-build-next/toolchains/gcc-arm-11.2-2022.02-x86_64-aarch64-none-linux-gnu/bin/../lib/gcc -L/home/hkd/Downloads/orangepi-build-next/toolchains/gcc-arm-11.2-2022.02-x86_64-aarch64-none-linux-gnu/bin/../lib/gcc/aarch64-none-linux-gnu/11.2.1/../../../../aarch64-none-linux-gnu/lib/../lib64 -L/home/hkd/Downloads/orangepi-build-next/toolchains/gcc-arm-11.2-2022.02-x86_64-aarch64-none-linux-gnu/bin/../aarch64-none-linux-gnu/libc/lib/../lib64 -L/home/hkd/Downloads/orangepi-build-next/toolchains/gcc-arm-11.2-2022.02-x86_64-aarch64-none-linux-gnu/bin/../aarch64-none-linux-gnu/libc/usr/lib/../lib64 -L/home/hkd/Downloads/orangepi-build-next/toolchains/gcc-arm-11.2-2022.02-x86_64-aarch64-none-linux-gnu/bin/../lib/gcc/aarch64-none-linux-gnu/11.2.1/../../../../aarch64-none-linux-gnu/lib -L/home/hkd/Downloads/orangepi-build-next/toolchains/gcc-arm-11.2-2022.02-x86_64-aarch64-none-linux-gnu/bin/../aarch64-none-linux-gnu/libc/lib -L/home/hkd/Downloads/orangepi-build-next/toolchains/gcc-arm-11.2-2022.02-x86_64-aarch64-none-linux-gnu/bin/../aarch64-none-linux-gnu/libc/usr/lib CMakeFiles/cmTC_b5cca.dir/CMakeCCompilerABI.c.o -lgcc --push-state --as-needed -lgcc_s --pop-state -lc -lgcc --push-state --as-needed -lgcc_s --pop-state /home/hkd/Downloads/orangepi-build-next/toolchains/gcc-arm-11.2-2022.02-x86_64-aarch64-none-linux-gnu/bin/../lib/gcc/aarch64-none-linux-gnu/11.2.1/crtend.o /home/hkd/Downloads/orangepi-build-next/toolchains/gcc-arm-11.2-2022.02-x86_64-aarch64-none-linux-gnu/bin/../aarch64-none-linux-gnu/libc/usr/lib/../lib64/crtn.o
COLLECT_GCC_OPTIONS='-march=armv8-a' '-v' '-o' 'cmTC_b5cca' '-mlittle-endian' '-mabi=lp64' '-dumpdir' 'cmTC_b5cca.'
gmake[1]: Leaving directory '/home/hkd/Desktop/ncnn_video/build/CMakeFiles/CMakeTmp'



Parsed C implicit include dir info from above output: rv=done
  found start of include info
  found start of implicit include info
    add: [/home/hkd/Downloads/orangepi-build-next/toolchains/gcc-arm-11.2-2022.02-x86_64-aarch64-none-linux-gnu/bin/../lib/gcc/aarch64-none-linux-gnu/11.2.1/include]
    add: [/home/hkd/Downloads/orangepi-build-next/toolchains/gcc-arm-11.2-2022.02-x86_64-aarch64-none-linux-gnu/bin/../lib/gcc/aarch64-none-linux-gnu/11.2.1/include-fixed]
    add: [/home/hkd/Downloads/orangepi-build-next/toolchains/gcc-arm-11.2-2022.02-x86_64-aarch64-none-linux-gnu/bin/../lib/gcc/aarch64-none-linux-gnu/11.2.1/../../../../aarch64-none-linux-gnu/include]
    add: [/home/hkd/Downloads/orangepi-build-next/toolchains/gcc-arm-11.2-2022.02-x86_64-aarch64-none-linux-gnu/bin/../aarch64-none-linux-gnu/libc/usr/include]
  end of search list found
  collapse include dir [/home/hkd/Downloads/orangepi-build-next/toolchains/gcc-arm-11.2-2022.02-x86_64-aarch64-none-linux-gnu/bin/../lib/gcc/aarch64-none-linux-gnu/11.2.1/include] ==> [/home/hkd/Downloads/orangepi-build-next/toolchains/gcc-arm-11.2-2022.02-x86_64-aarch64-none-linux-gnu/lib/gcc/aarch64-none-linux-gnu/11.2.1/include]
  collapse include dir [/home/hkd/Downloads/orangepi-build-next/toolchains/gcc-arm-11.2-2022.02-x86_64-aarch64-none-linux-gnu/bin/../lib/gcc/aarch64-none-linux-gnu/11.2.1/include-fixed] ==> [/home/hkd/Downloads/orangepi-build-next/toolchains/gcc-arm-11.2-2022.02-x86_64-aarch64-none-linux-gnu/lib/gcc/aarch64-none-linux-gnu/11.2.1/include-fixed]
  collapse include dir [/home/hkd/Downloads/orangepi-build-next/toolchains/gcc-arm-11.2-2022.02-x86_64-aarch64-none-linux-gnu/bin/../lib/gcc/aarch64-none-linux-gnu/11.2.1/../../../../aarch64-none-linux-gnu/include] ==> [/home/hkd/Downloads/orangepi-build-next/toolchains/gcc-arm-11.2-2022.02-x86_64-aarch64-none-linux-gnu/aarch64-none-linux-gnu/include]
  collapse include dir [/home/hkd/Downloads/orangepi-build-next/toolchains/gcc-arm-11.2-2022.02-x86_64-aarch64-none-linux-gnu/bin/../aarch64-none-linux-gnu/libc/usr/include] ==> [/home/hkd/Downloads/orangepi-build-next/toolchains/gcc-arm-11.2-2022.02-x86_64-aarch64-none-linux-gnu/aarch64-none-linux-gnu/libc/usr/include]
  implicit include dirs: [/home/hkd/Downloads/orangepi-build-next/toolchains/gcc-arm-11.2-2022.02-x86_64-aarch64-none-linux-gnu/lib/gcc/aarch64-none-linux-gnu/11.2.1/include;/home/hkd/Downloads/orangepi-build-next/toolchains/gcc-arm-11.2-2022.02-x86_64-aarch64-none-linux-gnu/lib/gcc/aarch64-none-linux-gnu/11.2.1/include-fixed;/home/hkd/Downloads/orangepi-build-next/toolchains/gcc-arm-11.2-2022.02-x86_64-aarch64-none-linux-gnu/aarch64-none-linux-gnu/include;/home/hkd/Downloads/orangepi-build-next/toolchains/gcc-arm-11.2-2022.02-x86_64-aarch64-none-linux-gnu/aarch64-none-linux-gnu/libc/usr/include]


Parsed C implicit link information from above output:
  link line regex: [^( *|.*[/\])(aarch64-none-linux-gnu-ld|CMAKE_LINK_STARTFILE-NOTFOUND|([^/\]+-)?ld|collect2)[^/\]*( |$)]
  ignore line: [Change Dir: /home/hkd/Desktop/ncnn_video/build/CMakeFiles/CMakeTmp]
  ignore line: []
  ignore line: [Run Build Command(s):/usr/bin/gmake -f Makefile cmTC_b5cca/fast && /usr/bin/gmake  -f CMakeFiles/cmTC_b5cca.dir/build.make CMakeFiles/cmTC_b5cca.dir/build]
  ignore line: [gmake[1]: Entering directory '/home/hkd/Desktop/ncnn_video/build/CMakeFiles/CMakeTmp']
  ignore line: [Building C object CMakeFiles/cmTC_b5cca.dir/CMakeCCompilerABI.c.o]
  ignore line: [/home/hkd/Downloads/orangepi-build-next/toolchains/gcc-arm-11.2-2022.02-x86_64-aarch64-none-linux-gnu/bin/aarch64-none-linux-gnu-gcc   -march=armv8-a    -v -o CMakeFiles/cmTC_b5cca.dir/CMakeCCompilerABI.c.o -c /usr/share/cmake-3.22/Modules/CMakeCCompilerABI.c]
  ignore line: [Using built-in specs.]
  ignore line: [COLLECT_GCC=/home/hkd/Downloads/orangepi-build-next/toolchains/gcc-arm-11.2-2022.02-x86_64-aarch64-none-linux-gnu/bin/aarch64-none-linux-gnu-gcc]
  ignore line: [Target: aarch64-none-linux-gnu]
  ignore line: [Configured with: /data/jenkins/workspace/GNU-toolchain/arm-11/src/gcc/configure --target=aarch64-none-linux-gnu --prefix= --with-sysroot=/aarch64-none-linux-gnu/libc --with-build-sysroot=/data/jenkins/workspace/GNU-toolchain/arm-11/build-aarch64-none-linux-gnu/install//aarch64-none-linux-gnu/libc --with-bugurl=https://bugs.linaro.org/ --enable-gnu-indirect-function --enable-shared --disable-libssp --disable-libmudflap --enable-checking=release --enable-languages=c c++ fortran --with-gmp=/data/jenkins/workspace/GNU-toolchain/arm-11/build-aarch64-none-linux-gnu/host-tools --with-mpfr=/data/jenkins/workspace/GNU-toolchain/arm-11/build-aarch64-none-linux-gnu/host-tools --with-mpc=/data/jenkins/workspace/GNU-toolchain/arm-11/build-aarch64-none-linux-gnu/host-tools --with-isl=/data/jenkins/workspace/GNU-toolchain/arm-11/build-aarch64-none-linux-gnu/host-tools --enable-fix-cortex-a53-843419 --with-pkgversion='GNU Toolchain for the Arm Architecture 11.2-2022.02 (arm-11.14)']
  ignore line: [Thread model: posix]
  ignore line: [Supported LTO compression algorithms: zlib]
  ignore line: [gcc version 11.2.1 20220111 (GNU Toolchain for the Arm Architecture 11.2-2022.02 (arm-11.14)) ]
  ignore line: [COLLECT_GCC_OPTIONS='-march=armv8-a' '-v' '-o' 'CMakeFiles/cmTC_b5cca.dir/CMakeCCompilerABI.c.o' '-c' '-mlittle-endian' '-mabi=lp64' '-dumpdir' 'CMakeFiles/cmTC_b5cca.dir/']
  ignore line: [ /home/hkd/Downloads/orangepi-build-next/toolchains/gcc-arm-11.2-2022.02-x86_64-aarch64-none-linux-gnu/bin/../libexec/gcc/aarch64-none-linux-gnu/11.2.1/cc1 -quiet -v -iprefix /home/hkd/Downloads/orangepi-build-next/toolchains/gcc-arm-11.2-2022.02-x86_64-aarch64-none-linux-gnu/bin/../lib/gcc/aarch64-none-linux-gnu/11.2.1/ -isysroot /home/hkd/Downloads/orangepi-build-next/toolchains/gcc-arm-11.2-2022.02-x86_64-aarch64-none-linux-gnu/bin/../aarch64-none-linux-gnu/libc /usr/share/cmake-3.22/Modules/CMakeCCompilerABI.c -quiet -dumpdir CMakeFiles/cmTC_b5cca.dir/ -dumpbase CMakeCCompilerABI.c.c -dumpbase-ext .c -march=armv8-a -mlittle-endian -mabi=lp64 -version -o /tmp/cctgEpwM.s]
  ignore line: [GNU C17 (GNU Toolchain for the Arm Architecture 11.2-2022.02 (arm-11.14)) version 11.2.1 20220111 (aarch64-none-linux-gnu)]
  ignore line: [	compiled by GNU C version 4.8.5 20150623 (Red Hat 4.8.5-44)  GMP version 6.2.1  MPFR version 3.1.6  MPC version 1.0.3  isl version isl-0.15-1-g835ea3a-GMP]
  ignore line: []
  ignore line: [GGC heuristics: --param ggc-min-expand=100 --param ggc-min-heapsize=131072]
  ignore line: [ignoring duplicate directory "/home/hkd/Downloads/orangepi-build-next/toolchains/gcc-arm-11.2-2022.02-x86_64-aarch64-none-linux-gnu/bin/../lib/gcc/../../lib/gcc/aarch64-none-linux-gnu/11.2.1/include"]
  ignore line: [ignoring nonexistent directory "/home/hkd/Downloads/orangepi-build-next/toolchains/gcc-arm-11.2-2022.02-x86_64-aarch64-none-linux-gnu/bin/../aarch64-none-linux-gnu/libc/usr/local/include"]
  ignore line: [ignoring duplicate directory "/home/hkd/Downloads/orangepi-build-next/toolchains/gcc-arm-11.2-2022.02-x86_64-aarch64-none-linux-gnu/bin/../lib/gcc/../../lib/gcc/aarch64-none-linux-gnu/11.2.1/include-fixed"]
  ignore line: [ignoring duplicate directory "/home/hkd/Downloads/orangepi-build-next/toolchains/gcc-arm-11.2-2022.02-x86_64-aarch64-none-linux-gnu/bin/../lib/gcc/../../lib/gcc/aarch64-none-linux-gnu/11.2.1/../../../../aarch64-none-linux-gnu/include"]
  ignore line: [#include "..." search starts here:]
  ignore line: [#include <...> search starts here:]
  ignore line: [ /home/hkd/Downloads/orangepi-build-next/toolchains/gcc-arm-11.2-2022.02-x86_64-aarch64-none-linux-gnu/bin/../lib/gcc/aarch64-none-linux-gnu/11.2.1/include]
  ignore line: [ /home/hkd/Downloads/orangepi-build-next/toolchains/gcc-arm-11.2-2022.02-x86_64-aarch64-none-linux-gnu/bin/../lib/gcc/aarch64-none-linux-gnu/11.2.1/include-fixed]
  ignore line: [ /home/hkd/Downloads/orangepi-build-next/toolchains/gcc-arm-11.2-2022.02-x86_64-aarch64-none-linux-gnu/bin/../lib/gcc/aarch64-none-linux-gnu/11.2.1/../../../../aarch64-none-linux-gnu/include]
  ignore line: [ /home/hkd/Downloads/orangepi-build-next/toolchains/gcc-arm-11.2-2022.02-x86_64-aarch64-none-linux-gnu/bin/../aarch64-none-linux-gnu/libc/usr/include]
  ignore line: [End of search list.]
  ignore line: [GNU C17 (GNU Toolchain for the Arm Architecture 11.2-2022.02 (arm-11.14)) version 11.2.1 20220111 (aarch64-none-linux-gnu)]
  ignore line: [	compiled by GNU C version 4.8.5 20150623 (Red Hat 4.8.5-44)  GMP version 6.2.1  MPFR version 3.1.6  MPC version 1.0.3  isl version isl-0.15-1-g835ea3a-GMP]
  ignore line: []
  ignore line: [GGC heuristics: --param ggc-min-expand=100 --param ggc-min-heapsize=131072]
  ignore line: [Compiler executable checksum: 828328e97aaac243e4f3ffd92b3aef1b]
  ignore line: [COLLECT_GCC_OPTIONS='-march=armv8-a' '-v' '-o' 'CMakeFiles/cmTC_b5cca.dir/CMakeCCompilerABI.c.o' '-c' '-mlittle-endian' '-mabi=lp64' '-dumpdir' 'CMakeFiles/cmTC_b5cca.dir/']
  ignore line: [ /home/hkd/Downloads/orangepi-build-next/toolchains/gcc-arm-11.2-2022.02-x86_64-aarch64-none-linux-gnu/bin/../lib/gcc/aarch64-none-linux-gnu/11.2.1/../../../../aarch64-none-linux-gnu/bin/as -v -EL -march=armv8-a -mabi=lp64 -o CMakeFiles/cmTC_b5cca.dir/CMakeCCompilerABI.c.o /tmp/cctgEpwM.s]
  ignore line: [GNU assembler version 2.37 (aarch64-none-linux-gnu) using BFD version (GNU Toolchain for the Arm Architecture 11.2-2022.02 (arm-11.14)) 2.37.20220122]
  ignore line: [COMPILER_PATH=/home/hkd/Downloads/orangepi-build-next/toolchains/gcc-arm-11.2-2022.02-x86_64-aarch64-none-linux-gnu/bin/../libexec/gcc/aarch64-none-linux-gnu/11.2.1/:/home/hkd/Downloads/orangepi-build-next/toolchains/gcc-arm-11.2-2022.02-x86_64-aarch64-none-linux-gnu/bin/../libexec/gcc/:/home/hkd/Downloads/orangepi-build-next/toolchains/gcc-arm-11.2-2022.02-x86_64-aarch64-none-linux-gnu/bin/../lib/gcc/aarch64-none-linux-gnu/11.2.1/../../../../aarch64-none-linux-gnu/bin/]
  ignore line: [LIBRARY_PATH=/home/hkd/Downloads/orangepi-build-next/toolchains/gcc-arm-11.2-2022.02-x86_64-aarch64-none-linux-gnu/bin/../lib/gcc/aarch64-none-linux-gnu/11.2.1/:/home/hkd/Downloads/orangepi-build-next/toolchains/gcc-arm-11.2-2022.02-x86_64-aarch64-none-linux-gnu/bin/../lib/gcc/:/home/hkd/Downloads/orangepi-build-next/toolchains/gcc-arm-11.2-2022.02-x86_64-aarch64-none-linux-gnu/bin/../lib/gcc/aarch64-none-linux-gnu/11.2.1/../../../../aarch64-none-linux-gnu/lib/../lib64/:/home/hkd/Downloads/orangepi-build-next/toolchains/gcc-arm-11.2-2022.02-x86_64-aarch64-none-linux-gnu/bin/../aarch64-none-linux-gnu/libc/lib/../lib64/:/home/hkd/Downloads/orangepi-build-next/toolchains/gcc-arm-11.2-2022.02-x86_64-aarch64-none-linux-gnu/bin/../aarch64-none-linux-gnu/libc/usr/lib/../lib64/:/home/hkd/Downloads/orangepi-build-next/toolchains/gcc-arm-11.2-2022.02-x86_64-aarch64-none-linux-gnu/bin/../lib/gcc/aarch64-none-linux-gnu/11.2.1/../../../../aarch64-none-linux-gnu/lib/:/home/hkd/Downloads/orangepi-build-next/toolchains/gcc-arm-11.2-2022.02-x86_64-aarch64-none-linux-gnu/bin/../aarch64-none-linux-gnu/libc/lib/:/home/hkd/Downloads/orangepi-build-next/toolchains/gcc-arm-11.2-2022.02-x86_64-aarch64-none-linux-gnu/bin/../aarch64-none-linux-gnu/libc/usr/lib/]
  ignore line: [COLLECT_GCC_OPTIONS='-march=armv8-a' '-v' '-o' 'CMakeFiles/cmTC_b5cca.dir/CMakeCCompilerABI.c.o' '-c' '-mlittle-endian' '-mabi=lp64' '-dumpdir' 'CMakeFiles/cmTC_b5cca.dir/CMakeCCompilerABI.c.']
  ignore line: [Linking C executable cmTC_b5cca]
  ignore line: [/usr/bin/cmake -E cmake_link_script CMakeFiles/cmTC_b5cca.dir/link.txt --verbose=1]
  ignore line: [/home/hkd/Downloads/orangepi-build-next/toolchains/gcc-arm-11.2-2022.02-x86_64-aarch64-none-linux-gnu/bin/aarch64-none-linux-gnu-gcc -march=armv8-a   -v CMakeFiles/cmTC_b5cca.dir/CMakeCCompilerABI.c.o -o cmTC_b5cca ]
  ignore line: [Using built-in specs.]
  ignore line: [COLLECT_GCC=/home/hkd/Downloads/orangepi-build-next/toolchains/gcc-arm-11.2-2022.02-x86_64-aarch64-none-linux-gnu/bin/aarch64-none-linux-gnu-gcc]
  ignore line: [COLLECT_LTO_WRAPPER=/home/hkd/Downloads/orangepi-build-next/toolchains/gcc-arm-11.2-2022.02-x86_64-aarch64-none-linux-gnu/bin/../libexec/gcc/aarch64-none-linux-gnu/11.2.1/lto-wrapper]
  ignore line: [Target: aarch64-none-linux-gnu]
  ignore line: [Configured with: /data/jenkins/workspace/GNU-toolchain/arm-11/src/gcc/configure --target=aarch64-none-linux-gnu --prefix= --with-sysroot=/aarch64-none-linux-gnu/libc --with-build-sysroot=/data/jenkins/workspace/GNU-toolchain/arm-11/build-aarch64-none-linux-gnu/install//aarch64-none-linux-gnu/libc --with-bugurl=https://bugs.linaro.org/ --enable-gnu-indirect-function --enable-shared --disable-libssp --disable-libmudflap --enable-checking=release --enable-languages=c c++ fortran --with-gmp=/data/jenkins/workspace/GNU-toolchain/arm-11/build-aarch64-none-linux-gnu/host-tools --with-mpfr=/data/jenkins/workspace/GNU-toolchain/arm-11/build-aarch64-none-linux-gnu/host-tools --with-mpc=/data/jenkins/workspace/GNU-toolchain/arm-11/build-aarch64-none-linux-gnu/host-tools --with-isl=/data/jenkins/workspace/GNU-toolchain/arm-11/build-aarch64-none-linux-gnu/host-tools --enable-fix-cortex-a53-843419 --with-pkgversion='GNU Toolchain for the Arm Architecture 11.2-2022.02 (arm-11.14)']
  ignore line: [Thread model: posix]
  ignore line: [Supported LTO compression algorithms: zlib]
  ignore line: [gcc version 11.2.1 20220111 (GNU Toolchain for the Arm Architecture 11.2-2022.02 (arm-11.14)) ]
  ignore line: [COMPILER_PATH=/home/hkd/Downloads/orangepi-build-next/toolchains/gcc-arm-11.2-2022.02-x86_64-aarch64-none-linux-gnu/bin/../libexec/gcc/aarch64-none-linux-gnu/11.2.1/:/home/hkd/Downloads/orangepi-build-next/toolchains/gcc-arm-11.2-2022.02-x86_64-aarch64-none-linux-gnu/bin/../libexec/gcc/:/home/hkd/Downloads/orangepi-build-next/toolchains/gcc-arm-11.2-2022.02-x86_64-aarch64-none-linux-gnu/bin/../lib/gcc/aarch64-none-linux-gnu/11.2.1/../../../../aarch64-none-linux-gnu/bin/]
  ignore line: [LIBRARY_PATH=/home/hkd/Downloads/orangepi-build-next/toolchains/gcc-arm-11.2-2022.02-x86_64-aarch64-none-linux-gnu/bin/../lib/gcc/aarch64-none-linux-gnu/11.2.1/:/home/hkd/Downloads/orangepi-build-next/toolchains/gcc-arm-11.2-2022.02-x86_64-aarch64-none-linux-gnu/bin/../lib/gcc/:/home/hkd/Downloads/orangepi-build-next/toolchains/gcc-arm-11.2-2022.02-x86_64-aarch64-none-linux-gnu/bin/../lib/gcc/aarch64-none-linux-gnu/11.2.1/../../../../aarch64-none-linux-gnu/lib/../lib64/:/home/hkd/Downloads/orangepi-build-next/toolchains/gcc-arm-11.2-2022.02-x86_64-aarch64-none-linux-gnu/bin/../aarch64-none-linux-gnu/libc/lib/../lib64/:/home/hkd/Downloads/orangepi-build-next/toolchains/gcc-arm-11.2-2022.02-x86_64-aarch64-none-linux-gnu/bin/../aarch64-none-linux-gnu/libc/usr/lib/../lib64/:/home/hkd/Downloads/orangepi-build-next/toolchains/gcc-arm-11.2-2022.02-x86_64-aarch64-none-linux-gnu/bin/../lib/gcc/aarch64-none-linux-gnu/11.2.1/../../../../aarch64-none-linux-gnu/lib/:/home/hkd/Downloads/orangepi-build-next/toolchains/gcc-arm-11.2-2022.02-x86_64-aarch64-none-linux-gnu/bin/../aarch64-none-linux-gnu/libc/lib/:/home/hkd/Downloads/orangepi-build-next/toolchains/gcc-arm-11.2-2022.02-x86_64-aarch64-none-linux-gnu/bin/../aarch64-none-linux-gnu/libc/usr/lib/]
  ignore line: [COLLECT_GCC_OPTIONS='-march=armv8-a' '-v' '-o' 'cmTC_b5cca' '-mlittle-endian' '-mabi=lp64' '-dumpdir' 'cmTC_b5cca.']
  link line: [ /home/hkd/Downloads/orangepi-build-next/toolchains/gcc-arm-11.2-2022.02-x86_64-aarch64-none-linux-gnu/bin/../libexec/gcc/aarch64-none-linux-gnu/11.2.1/collect2 -plugin /home/hkd/Downloads/orangepi-build-next/toolchains/gcc-arm-11.2-2022.02-x86_64-aarch64-none-linux-gnu/bin/../libexec/gcc/aarch64-none-linux-gnu/11.2.1/liblto_plugin.so -plugin-opt=/home/hkd/Downloads/orangepi-build-next/toolchains/gcc-arm-11.2-2022.02-x86_64-aarch64-none-linux-gnu/bin/../libexec/gcc/aarch64-none-linux-gnu/11.2.1/lto-wrapper -plugin-opt=-fresolution=/tmp/ccns2W4Y.res -plugin-opt=-pass-through=-lgcc -plugin-opt=-pass-through=-lgcc_s -plugin-opt=-pass-through=-lc -plugin-opt=-pass-through=-lgcc -plugin-opt=-pass-through=-lgcc_s --sysroot=/home/hkd/Downloads/orangepi-build-next/toolchains/gcc-arm-11.2-2022.02-x86_64-aarch64-none-linux-gnu/bin/../aarch64-none-linux-gnu/libc --eh-frame-hdr -dynamic-linker /lib/ld-linux-aarch64.so.1 -X -EL -maarch64linux --fix-cortex-a53-843419 -o cmTC_b5cca /home/hkd/Downloads/orangepi-build-next/toolchains/gcc-arm-11.2-2022.02-x86_64-aarch64-none-linux-gnu/bin/../aarch64-none-linux-gnu/libc/usr/lib/../lib64/crt1.o /home/hkd/Downloads/orangepi-build-next/toolchains/gcc-arm-11.2-2022.02-x86_64-aarch64-none-linux-gnu/bin/../aarch64-none-linux-gnu/libc/usr/lib/../lib64/crti.o /home/hkd/Downloads/orangepi-build-next/toolchains/gcc-arm-11.2-2022.02-x86_64-aarch64-none-linux-gnu/bin/../lib/gcc/aarch64-none-linux-gnu/11.2.1/crtbegin.o -L/home/hkd/Downloads/orangepi-build-next/toolchains/gcc-arm-11.2-2022.02-x86_64-aarch64-none-linux-gnu/bin/../lib/gcc/aarch64-none-linux-gnu/11.2.1 -L/home/hkd/Downloads/orangepi-build-next/toolchains/gcc-arm-11.2-2022.02-x86_64-aarch64-none-linux-gnu/bin/../lib/gcc -L/home/hkd/Downloads/orangepi-build-next/toolchains/gcc-arm-11.2-2022.02-x86_64-aarch64-none-linux-gnu/bin/../lib/gcc/aarch64-none-linux-gnu/11.2.1/../../../../aarch64-none-linux-gnu/lib/../lib64 -L/home/hkd/Downloads/orangepi-build-next/toolchains/gcc-arm-11.2-2022.02-x86_64-aarch64-none-linux-gnu/bin/../aarch64-none-linux-gnu/libc/lib/../lib64 -L/home/hkd/Downloads/orangepi-build-next/toolchains/gcc-arm-11.2-2022.02-x86_64-aarch64-none-linux-gnu/bin/../aarch64-none-linux-gnu/libc/usr/lib/../lib64 -L/home/hkd/Downloads/orangepi-build-next/toolchains/gcc-arm-11.2-2022.02-x86_64-aarch64-none-linux-gnu/bin/../lib/gcc/aarch64-none-linux-gnu/11.2.1/../../../../aarch64-none-linux-gnu/lib -L/home/hkd/Downloads/orangepi-build-next/toolchains/gcc-arm-11.2-2022.02-x86_64-aarch64-none-linux-gnu/bin/../aarch64-none-linux-gnu/libc/lib -L/home/hkd/Downloads/orangepi-build-next/toolchains/gcc-arm-11.2-2022.02-x86_64-aarch64-none-linux-gnu/bin/../aarch64-none-linux-gnu/libc/usr/lib CMakeFiles/cmTC_b5cca.dir/CMakeCCompilerABI.c.o -lgcc --push-state --as-needed -lgcc_s --pop-state -lc -lgcc --push-state --as-needed -lgcc_s --pop-state /home/hkd/Downloads/orangepi-build-next/toolchains/gcc-arm-11.2-2022.02-x86_64-aarch64-none-linux-gnu/bin/../lib/gcc/aarch64-none-linux-gnu/11.2.1/crtend.o /home/hkd/Downloads/orangepi-build-next/toolchains/gcc-arm-11.2-2022.02-x86_64-aarch64-none-linux-gnu/bin/../aarch64-none-linux-gnu/libc/usr/lib/../lib64/crtn.o]
    arg [/home/hkd/Downloads/orangepi-build-next/toolchains/gcc-arm-11.2-2022.02-x86_64-aarch64-none-linux-gnu/bin/../libexec/gcc/aarch64-none-linux-gnu/11.2.1/collect2] ==> ignore
    arg [-plugin] ==> ignore
    arg [/home/hkd/Downloads/orangepi-build-next/toolchains/gcc-arm-11.2-2022.02-x86_64-aarch64-none-linux-gnu/bin/../libexec/gcc/aarch64-none-linux-gnu/11.2.1/liblto_plugin.so] ==> ignore
    arg [-plugin-opt=/home/hkd/Downloads/orangepi-build-next/toolchains/gcc-arm-11.2-2022.02-x86_64-aarch64-none-linux-gnu/bin/../libexec/gcc/aarch64-none-linux-gnu/11.2.1/lto-wrapper] ==> ignore
    arg [-plugin-opt=-fresolution=/tmp/ccns2W4Y.res] ==> ignore
    arg [-plugin-opt=-pass-through=-lgcc] ==> ignore
    arg [-plugin-opt=-pass-through=-lgcc_s] ==> ignore
    arg [-plugin-opt=-pass-through=-lc] ==> ignore
    arg [-plugin-opt=-pass-through=-lgcc] ==> ignore
    arg [-plugin-opt=-pass-through=-lgcc_s] ==> ignore
    arg [--sysroot=/home/hkd/Downloads/orangepi-build-next/toolchains/gcc-arm-11.2-2022.02-x86_64-aarch64-none-linux-gnu/bin/../aarch64-none-linux-gnu/libc] ==> ignore
    arg [--eh-frame-hdr] ==> ignore
    arg [-dynamic-linker] ==> ignore
    arg [/lib/ld-linux-aarch64.so.1] ==> ignore
    arg [-X] ==> ignore
    arg [-EL] ==> ignore
    arg [-maarch64linux] ==> ignore
    arg [--fix-cortex-a53-843419] ==> ignore
    arg [-o] ==> ignore
    arg [cmTC_b5cca] ==> ignore
    arg [/home/hkd/Downloads/orangepi-build-next/toolchains/gcc-arm-11.2-2022.02-x86_64-aarch64-none-linux-gnu/bin/../aarch64-none-linux-gnu/libc/usr/lib/../lib64/crt1.o] ==> obj [/home/hkd/Downloads/orangepi-build-next/toolchains/gcc-arm-11.2-2022.02-x86_64-aarch64-none-linux-gnu/bin/../aarch64-none-linux-gnu/libc/usr/lib/../lib64/crt1.o]
    arg [/home/hkd/Downloads/orangepi-build-next/toolchains/gcc-arm-11.2-2022.02-x86_64-aarch64-none-linux-gnu/bin/../aarch64-none-linux-gnu/libc/usr/lib/../lib64/crti.o] ==> obj [/home/hkd/Downloads/orangepi-build-next/toolchains/gcc-arm-11.2-2022.02-x86_64-aarch64-none-linux-gnu/bin/../aarch64-none-linux-gnu/libc/usr/lib/../lib64/crti.o]
    arg [/home/hkd/Downloads/orangepi-build-next/toolchains/gcc-arm-11.2-2022.02-x86_64-aarch64-none-linux-gnu/bin/../lib/gcc/aarch64-none-linux-gnu/11.2.1/crtbegin.o] ==> obj [/home/hkd/Downloads/orangepi-build-next/toolchains/gcc-arm-11.2-2022.02-x86_64-aarch64-none-linux-gnu/bin/../lib/gcc/aarch64-none-linux-gnu/11.2.1/crtbegin.o]
    arg [-L/home/hkd/Downloads/orangepi-build-next/toolchains/gcc-arm-11.2-2022.02-x86_64-aarch64-none-linux-gnu/bin/../lib/gcc/aarch64-none-linux-gnu/11.2.1] ==> dir [/home/hkd/Downloads/orangepi-build-next/toolchains/gcc-arm-11.2-2022.02-x86_64-aarch64-none-linux-gnu/bin/../lib/gcc/aarch64-none-linux-gnu/11.2.1]
    arg [-L/home/hkd/Downloads/orangepi-build-next/toolchains/gcc-arm-11.2-2022.02-x86_64-aarch64-none-linux-gnu/bin/../lib/gcc] ==> dir [/home/hkd/Downloads/orangepi-build-next/toolchains/gcc-arm-11.2-2022.02-x86_64-aarch64-none-linux-gnu/bin/../lib/gcc]
    arg [-L/home/hkd/Downloads/orangepi-build-next/toolchains/gcc-arm-11.2-2022.02-x86_64-aarch64-none-linux-gnu/bin/../lib/gcc/aarch64-none-linux-gnu/11.2.1/../../../../aarch64-none-linux-gnu/lib/../lib64] ==> dir [/home/hkd/Downloads/orangepi-build-next/toolchains/gcc-arm-11.2-2022.02-x86_64-aarch64-none-linux-gnu/bin/../lib/gcc/aarch64-none-linux-gnu/11.2.1/../../../../aarch64-none-linux-gnu/lib/../lib64]
    arg [-L/home/hkd/Downloads/orangepi-build-next/toolchains/gcc-arm-11.2-2022.02-x86_64-aarch64-none-linux-gnu/bin/../aarch64-none-linux-gnu/libc/lib/../lib64] ==> dir [/home/hkd/Downloads/orangepi-build-next/toolchains/gcc-arm-11.2-2022.02-x86_64-aarch64-none-linux-gnu/bin/../aarch64-none-linux-gnu/libc/lib/../lib64]
    arg [-L/home/hkd/Downloads/orangepi-build-next/toolchains/gcc-arm-11.2-2022.02-x86_64-aarch64-none-linux-gnu/bin/../aarch64-none-linux-gnu/libc/usr/lib/../lib64] ==> dir [/home/hkd/Downloads/orangepi-build-next/toolchains/gcc-arm-11.2-2022.02-x86_64-aarch64-none-linux-gnu/bin/../aarch64-none-linux-gnu/libc/usr/lib/../lib64]
    arg [-L/home/hkd/Downloads/orangepi-build-next/toolchains/gcc-arm-11.2-2022.02-x86_64-aarch64-none-linux-gnu/bin/../lib/gcc/aarch64-none-linux-gnu/11.2.1/../../../../aarch64-none-linux-gnu/lib] ==> dir [/home/hkd/Downloads/orangepi-build-next/toolchains/gcc-arm-11.2-2022.02-x86_64-aarch64-none-linux-gnu/bin/../lib/gcc/aarch64-none-linux-gnu/11.2.1/../../../../aarch64-none-linux-gnu/lib]
    arg [-L/home/hkd/Downloads/orangepi-build-next/toolchains/gcc-arm-11.2-2022.02-x86_64-aarch64-none-linux-gnu/bin/../aarch64-none-linux-gnu/libc/lib] ==> dir [/home/hkd/Downloads/orangepi-build-next/toolchains/gcc-arm-11.2-2022.02-x86_64-aarch64-none-linux-gnu/bin/../aarch64-none-linux-gnu/libc/lib]
    arg [-L/home/hkd/Downloads/orangepi-build-next/toolchains/gcc-arm-11.2-2022.02-x86_64-aarch64-none-linux-gnu/bin/../aarch64-none-linux-gnu/libc/usr/lib] ==> dir [/home/hkd/Downloads/orangepi-build-next/toolchains/gcc-arm-11.2-2022.02-x86_64-aarch64-none-linux-gnu/bin/../aarch64-none-linux-gnu/libc/usr/lib]
    arg [CMakeFiles/cmTC_b5cca.dir/CMakeCCompilerABI.c.o] ==> ignore
    arg [-lgcc] ==> lib [gcc]
    arg [--push-state] ==> ignore
    arg [--as-needed] ==> ignore
    arg [-lgcc_s] ==> lib [gcc_s]
    arg [--pop-state] ==> ignore
    arg [-lc] ==> lib [c]
    arg [-lgcc] ==> lib [gcc]
    arg [--push-state] ==> ignore
    arg [--as-needed] ==> ignore
    arg [-lgcc_s] ==> lib [gcc_s]
    arg [--pop-state] ==> ignore
    arg [/home/hkd/Downloads/orangepi-build-next/toolchains/gcc-arm-11.2-2022.02-x86_64-aarch64-none-linux-gnu/bin/../lib/gcc/aarch64-none-linux-gnu/11.2.1/crtend.o] ==> obj [/home/hkd/Downloads/orangepi-build-next/toolchains/gcc-arm-11.2-2022.02-x86_64-aarch64-none-linux-gnu/bin/../lib/gcc/aarch64-none-linux-gnu/11.2.1/crtend.o]
    arg [/home/hkd/Downloads/orangepi-build-next/toolchains/gcc-arm-11.2-2022.02-x86_64-aarch64-none-linux-gnu/bin/../aarch64-none-linux-gnu/libc/usr/lib/../lib64/crtn.o] ==> obj [/home/hkd/Downloads/orangepi-build-next/toolchains/gcc-arm-11.2-2022.02-x86_64-aarch64-none-linux-gnu/bin/../aarch64-none-linux-gnu/libc/usr/lib/../lib64/crtn.o]
  collapse obj [/home/hkd/Downloads/orangepi-build-next/toolchains/gcc-arm-11.2-2022.02-x86_64-aarch64-none-linux-gnu/bin/../aarch64-none-linux-gnu/libc/usr/lib/../lib64/crt1.o] ==> [/home/hkd/Downloads/orangepi-build-next/toolchains/gcc-arm-11.2-2022.02-x86_64-aarch64-none-linux-gnu/aarch64-none-linux-gnu/libc/usr/lib64/crt1.o]
  collapse obj [/home/hkd/Downloads/orangepi-build-next/toolchains/gcc-arm-11.2-2022.02-x86_64-aarch64-none-linux-gnu/bin/../aarch64-none-linux-gnu/libc/usr/lib/../lib64/crti.o] ==> [/home/hkd/Downloads/orangepi-build-next/toolchains/gcc-arm-11.2-2022.02-x86_64-aarch64-none-linux-gnu/aarch64-none-linux-gnu/libc/usr/lib64/crti.o]
  collapse obj [/home/hkd/Downloads/orangepi-build-next/toolchains/gcc-arm-11.2-2022.02-x86_64-aarch64-none-linux-gnu/bin/../lib/gcc/aarch64-none-linux-gnu/11.2.1/crtbegin.o] ==> [/home/hkd/Downloads/orangepi-build-next/toolchains/gcc-arm-11.2-2022.02-x86_64-aarch64-none-linux-gnu/lib/gcc/aarch64-none-linux-gnu/11.2.1/crtbegin.o]
  collapse obj [/home/hkd/Downloads/orangepi-build-next/toolchains/gcc-arm-11.2-2022.02-x86_64-aarch64-none-linux-gnu/bin/../lib/gcc/aarch64-none-linux-gnu/11.2.1/crtend.o] ==> [/home/hkd/Downloads/orangepi-build-next/toolchains/gcc-arm-11.2-2022.02-x86_64-aarch64-none-linux-gnu/lib/gcc/aarch64-none-linux-gnu/11.2.1/crtend.o]
  collapse obj [/home/hkd/Downloads/orangepi-build-next/toolchains/gcc-arm-11.2-2022.02-x86_64-aarch64-none-linux-gnu/bin/../aarch64-none-linux-gnu/libc/usr/lib/../lib64/crtn.o] ==> [/home/hkd/Downloads/orangepi-build-next/toolchains/gcc-arm-11.2-2022.02-x86_64-aarch64-none-linux-gnu/aarch64-none-linux-gnu/libc/usr/lib64/crtn.o]
  collapse library dir [/home/hkd/Downloads/orangepi-build-next/toolchains/gcc-arm-11.2-2022.02-x86_64-aarch64-none-linux-gnu/bin/../lib/gcc/aarch64-none-linux-gnu/11.2.1] ==> [/home/hkd/Downloads/orangepi-build-next/toolchains/gcc-arm-11.2-2022.02-x86_64-aarch64-none-linux-gnu/lib/gcc/aarch64-none-linux-gnu/11.2.1]
  collapse library dir [/home/hkd/Downloads/orangepi-build-next/toolchains/gcc-arm-11.2-2022.02-x86_64-aarch64-none-linux-gnu/bin/../lib/gcc] ==> [/home/hkd/Downloads/orangepi-build-next/toolchains/gcc-arm-11.2-2022.02-x86_64-aarch64-none-linux-gnu/lib/gcc]
  collapse library dir [/home/hkd/Downloads/orangepi-build-next/toolchains/gcc-arm-11.2-2022.02-x86_64-aarch64-none-linux-gnu/bin/../lib/gcc/aarch64-none-linux-gnu/11.2.1/../../../../aarch64-none-linux-gnu/lib/../lib64] ==> [/home/hkd/Downloads/orangepi-build-next/toolchains/gcc-arm-11.2-2022.02-x86_64-aarch64-none-linux-gnu/aarch64-none-linux-gnu/lib64]
  collapse library dir [/home/hkd/Downloads/orangepi-build-next/toolchains/gcc-arm-11.2-2022.02-x86_64-aarch64-none-linux-gnu/bin/../aarch64-none-linux-gnu/libc/lib/../lib64] ==> [/home/hkd/Downloads/orangepi-build-next/toolchains/gcc-arm-11.2-2022.02-x86_64-aarch64-none-linux-gnu/aarch64-none-linux-gnu/libc/lib64]
  collapse library dir [/home/hkd/Downloads/orangepi-build-next/toolchains/gcc-arm-11.2-2022.02-x86_64-aarch64-none-linux-gnu/bin/../aarch64-none-linux-gnu/libc/usr/lib/../lib64] ==> [/home/hkd/Downloads/orangepi-build-next/toolchains/gcc-arm-11.2-2022.02-x86_64-aarch64-none-linux-gnu/aarch64-none-linux-gnu/libc/usr/lib64]
  collapse library dir [/home/hkd/Downloads/orangepi-build-next/toolchains/gcc-arm-11.2-2022.02-x86_64-aarch64-none-linux-gnu/bin/../lib/gcc/aarch64-none-linux-gnu/11.2.1/../../../../aarch64-none-linux-gnu/lib] ==> [/home/hkd/Downloads/orangepi-build-next/toolchains/gcc-arm-11.2-2022.02-x86_64-aarch64-none-linux-gnu/aarch64-none-linux-gnu/lib]
  collapse library dir [/home/hkd/Downloads/orangepi-build-next/toolchains/gcc-arm-11.2-2022.02-x86_64-aarch64-none-linux-gnu/bin/../aarch64-none-linux-gnu/libc/lib] ==> [/home/hkd/Downloads/orangepi-build-next/toolchains/gcc-arm-11.2-2022.02-x86_64-aarch64-none-linux-gnu/aarch64-none-linux-gnu/libc/lib]
  collapse library dir [/home/hkd/Downloads/orangepi-build-next/toolchains/gcc-arm-11.2-2022.02-x86_64-aarch64-none-linux-gnu/bin/../aarch64-none-linux-gnu/libc/usr/lib] ==> [/home/hkd/Downloads/orangepi-build-next/toolchains/gcc-arm-11.2-2022.02-x86_64-aarch64-none-linux-gnu/aarch64-none-linux-gnu/libc/usr/lib]
  implicit libs: [gcc;gcc_s;c;gcc;gcc_s]
  implicit objs: [/home/hkd/Downloads/orangepi-build-next/toolchains/gcc-arm-11.2-2022.02-x86_64-aarch64-none-linux-gnu/aarch64-none-linux-gnu/libc/usr/lib64/crt1.o;/home/hkd/Downloads/orangepi-build-next/toolchains/gcc-arm-11.2-2022.02-x86_64-aarch64-none-linux-gnu/aarch64-none-linux-gnu/libc/usr/lib64/crti.o;/home/hkd/Downloads/orangepi-build-next/toolchains/gcc-arm-11.2-2022.02-x86_64-aarch64-none-linux-gnu/lib/gcc/aarch64-none-linux-gnu/11.2.1/crtbegin.o;/home/hkd/Downloads/orangepi-build-next/toolchains/gcc-arm-11.2-2022.02-x86_64-aarch64-none-linux-gnu/lib/gcc/aarch64-none-linux-gnu/11.2.1/crtend.o;/home/hkd/Downloads/orangepi-build-next/toolchains/gcc-arm-11.2-2022.02-x86_64-aarch64-none-linux-gnu/aarch64-none-linux-gnu/libc/usr/lib64/crtn.o]
  implicit dirs: [/home/hkd/Downloads/orangepi-build-next/toolchains/gcc-arm-11.2-2022.02-x86_64-aarch64-none-linux-gnu/lib/gcc/aarch64-none-linux-gnu/11.2.1;/home/hkd/Downloads/orangepi-build-next/toolchains/gcc-arm-11.2-2022.02-x86_64-aarch64-none-linux-gnu/lib/gcc;/home/hkd/Downloads/orangepi-build-next/toolchains/gcc-arm-11.2-2022.02-x86_64-aarch64-none-linux-gnu/aarch64-none-linux-gnu/lib64;/home/hkd/Downloads/orangepi-build-next/toolchains/gcc-arm-11.2-2022.02-x86_64-aarch64-none-linux-gnu/aarch64-none-linux-gnu/libc/lib64;/home/hkd/Downloads/orangepi-build-next/toolchains/gcc-arm-11.2-2022.02-x86_64-aarch64-none-linux-gnu/aarch64-none-linux-gnu/libc/usr/lib64;/home/hkd/Downloads/orangepi-build-next/toolchains/gcc-arm-11.2-2022.02-x86_64-aarch64-none-linux-gnu/aarch64-none-linux-gnu/lib;/home/hkd/Downloads/orangepi-build-next/toolchains/gcc-arm-11.2-2022.02-x86_64-aarch64-none-linux-gnu/aarch64-none-linux-gnu/libc/lib;/home/hkd/Downloads/orangepi-build-next/toolchains/gcc-arm-11.2-2022.02-x86_64-aarch64-none-linux-gnu/aarch64-none-linux-gnu/libc/usr/lib]
  implicit fwks: []


Detecting CXX compiler ABI info compiled with the following output:
Change Dir: /home/hkd/Desktop/ncnn_video/build/CMakeFiles/CMakeTmp

Run Build Command(s):/usr/bin/gmake -f Makefile cmTC_89b92/fast && /usr/bin/gmake  -f CMakeFiles/cmTC_89b92.dir/build.make CMakeFiles/cmTC_89b92.dir/build
gmake[1]: Entering directory '/home/hkd/Desktop/ncnn_video/build/CMakeFiles/CMakeTmp'
Building CXX object CMakeFiles/cmTC_89b92.dir/CMakeCXXCompilerABI.cpp.o
/home/hkd/Downloads/orangepi-build-next/toolchains/gcc-arm-11.2-2022.02-x86_64-aarch64-none-linux-gnu/bin/aarch64-none-linux-gnu-g++   -march=armv8-a    -v -o CMakeFiles/cmTC_89b92.dir/CMakeCXXCompilerABI.cpp.o -c /usr/share/cmake-3.22/Modules/CMakeCXXCompilerABI.cpp
Using built-in specs.
COLLECT_GCC=/home/hkd/Downloads/orangepi-build-next/toolchains/gcc-arm-11.2-2022.02-x86_64-aarch64-none-linux-gnu/bin/aarch64-none-linux-gnu-g++
Target: aarch64-none-linux-gnu
Configured with: /data/jenkins/workspace/GNU-toolchain/arm-11/src/gcc/configure --target=aarch64-none-linux-gnu --prefix= --with-sysroot=/aarch64-none-linux-gnu/libc --with-build-sysroot=/data/jenkins/workspace/GNU-toolchain/arm-11/build-aarch64-none-linux-gnu/install//aarch64-none-linux-gnu/libc --with-bugurl=https://bugs.linaro.org/ --enable-gnu-indirect-function --enable-shared --disable-libssp --disable-libmudflap --enable-checking=release --enable-languages=c,c++,fortran --with-gmp=/data/jenkins/workspace/GNU-toolchain/arm-11/build-aarch64-none-linux-gnu/host-tools --with-mpfr=/data/jenkins/workspace/GNU-toolchain/arm-11/build-aarch64-none-linux-gnu/host-tools --with-mpc=/data/jenkins/workspace/GNU-toolchain/arm-11/build-aarch64-none-linux-gnu/host-tools --with-isl=/data/jenkins/workspace/GNU-toolchain/arm-11/build-aarch64-none-linux-gnu/host-tools --enable-fix-cortex-a53-843419 --with-pkgversion='GNU Toolchain for the Arm Architecture 11.2-2022.02 (arm-11.14)'
Thread model: posix
Supported LTO compression algorithms: zlib
gcc version 11.2.1 20220111 (GNU Toolchain for the Arm Architecture 11.2-2022.02 (arm-11.14)) 
COLLECT_GCC_OPTIONS='-march=armv8-a' '-v' '-o' 'CMakeFiles/cmTC_89b92.dir/CMakeCXXCompilerABI.cpp.o' '-c' '-shared-libgcc' '-mlittle-endian' '-mabi=lp64' '-dumpdir' 'CMakeFiles/cmTC_89b92.dir/'
 /home/hkd/Downloads/orangepi-build-next/toolchains/gcc-arm-11.2-2022.02-x86_64-aarch64-none-linux-gnu/bin/../libexec/gcc/aarch64-none-linux-gnu/11.2.1/cc1plus -quiet -v -iprefix /home/hkd/Downloads/orangepi-build-next/toolchains/gcc-arm-11.2-2022.02-x86_64-aarch64-none-linux-gnu/bin/../lib/gcc/aarch64-none-linux-gnu/11.2.1/ -isysroot /home/hkd/Downloads/orangepi-build-next/toolchains/gcc-arm-11.2-2022.02-x86_64-aarch64-none-linux-gnu/bin/../aarch64-none-linux-gnu/libc -D_GNU_SOURCE /usr/share/cmake-3.22/Modules/CMakeCXXCompilerABI.cpp -quiet -dumpdir CMakeFiles/cmTC_89b92.dir/ -dumpbase CMakeCXXCompilerABI.cpp.cpp -dumpbase-ext .cpp -march=armv8-a -mlittle-endian -mabi=lp64 -version -o /tmp/ccai3Oix.s
GNU C++17 (GNU Toolchain for the Arm Architecture 11.2-2022.02 (arm-11.14)) version 11.2.1 20220111 (aarch64-none-linux-gnu)
	compiled by GNU C version 4.8.5 20150623 (Red Hat 4.8.5-44), GMP version 6.2.1, MPFR version 3.1.6, MPC version 1.0.3, isl version isl-0.15-1-g835ea3a-GMP

GGC heuristics: --param ggc-min-expand=100 --param ggc-min-heapsize=131072
ignoring duplicate directory "/home/hkd/Downloads/orangepi-build-next/toolchains/gcc-arm-11.2-2022.02-x86_64-aarch64-none-linux-gnu/bin/../lib/gcc/../../lib/gcc/aarch64-none-linux-gnu/11.2.1/../../../../aarch64-none-linux-gnu/include/c++/11.2.1"
ignoring duplicate directory "/home/hkd/Downloads/orangepi-build-next/toolchains/gcc-arm-11.2-2022.02-x86_64-aarch64-none-linux-gnu/bin/../lib/gcc/../../lib/gcc/aarch64-none-linux-gnu/11.2.1/../../../../aarch64-none-linux-gnu/include/c++/11.2.1/aarch64-none-linux-gnu"
ignoring duplicate directory "/home/hkd/Downloads/orangepi-build-next/toolchains/gcc-arm-11.2-2022.02-x86_64-aarch64-none-linux-gnu/bin/../lib/gcc/../../lib/gcc/aarch64-none-linux-gnu/11.2.1/../../../../aarch64-none-linux-gnu/include/c++/11.2.1/backward"
ignoring duplicate directory "/home/hkd/Downloads/orangepi-build-next/toolchains/gcc-arm-11.2-2022.02-x86_64-aarch64-none-linux-gnu/bin/../lib/gcc/../../lib/gcc/aarch64-none-linux-gnu/11.2.1/include"
ignoring nonexistent directory "/home/hkd/Downloads/orangepi-build-next/toolchains/gcc-arm-11.2-2022.02-x86_64-aarch64-none-linux-gnu/bin/../aarch64-none-linux-gnu/libc/usr/local/include"
ignoring duplicate directory "/home/hkd/Downloads/orangepi-build-next/toolchains/gcc-arm-11.2-2022.02-x86_64-aarch64-none-linux-gnu/bin/../lib/gcc/../../lib/gcc/aarch64-none-linux-gnu/11.2.1/include-fixed"
ignoring duplicate directory "/home/hkd/Downloads/orangepi-build-next/toolchains/gcc-arm-11.2-2022.02-x86_64-aarch64-none-linux-gnu/bin/../lib/gcc/../../lib/gcc/aarch64-none-linux-gnu/11.2.1/../../../../aarch64-none-linux-gnu/include"
#include "..." search starts here:
#include <...> search starts here:
 /home/hkd/Downloads/orangepi-build-next/toolchains/gcc-arm-11.2-2022.02-x86_64-aarch64-none-linux-gnu/bin/../lib/gcc/aarch64-none-linux-gnu/11.2.1/../../../../aarch64-none-linux-gnu/include/c++/11.2.1
 /home/hkd/Downloads/orangepi-build-next/toolchains/gcc-arm-11.2-2022.02-x86_64-aarch64-none-linux-gnu/bin/../lib/gcc/aarch64-none-linux-gnu/11.2.1/../../../../aarch64-none-linux-gnu/include/c++/11.2.1/aarch64-none-linux-gnu
 /home/hkd/Downloads/orangepi-build-next/toolchains/gcc-arm-11.2-2022.02-x86_64-aarch64-none-linux-gnu/bin/../lib/gcc/aarch64-none-linux-gnu/11.2.1/../../../../aarch64-none-linux-gnu/include/c++/11.2.1/backward
 /home/hkd/Downloads/orangepi-build-next/toolchains/gcc-arm-11.2-2022.02-x86_64-aarch64-none-linux-gnu/bin/../lib/gcc/aarch64-none-linux-gnu/11.2.1/include
 /home/hkd/Downloads/orangepi-build-next/toolchains/gcc-arm-11.2-2022.02-x86_64-aarch64-none-linux-gnu/bin/../lib/gcc/aarch64-none-linux-gnu/11.2.1/include-fixed
 /home/hkd/Downloads/orangepi-build-next/toolchains/gcc-arm-11.2-2022.02-x86_64-aarch64-none-linux-gnu/bin/../lib/gcc/aarch64-none-linux-gnu/11.2.1/../../../../aarch64-none-linux-gnu/include
 /home/hkd/Downloads/orangepi-build-next/toolchains/gcc-arm-11.2-2022.02-x86_64-aarch64-none-linux-gnu/bin/../aarch64-none-linux-gnu/libc/usr/include
End of search list.
GNU C++17 (GNU Toolchain for the Arm Architecture 11.2-2022.02 (arm-11.14)) version 11.2.1 20220111 (aarch64-none-linux-gnu)
	compiled by GNU C version 4.8.5 20150623 (Red Hat 4.8.5-44), GMP version 6.2.1, MPFR version 3.1.6, MPC version 1.0.3, isl version isl-0.15-1-g835ea3a-GMP

GGC heuristics: --param ggc-min-expand=100 --param ggc-min-heapsize=131072
Compiler executable checksum: c2d3e3a1b4f244c169287df7385bdbbb
COLLECT_GCC_OPTIONS='-march=armv8-a' '-v' '-o' 'CMakeFiles/cmTC_89b92.dir/CMakeCXXCompilerABI.cpp.o' '-c' '-shared-libgcc' '-mlittle-endian' '-mabi=lp64' '-dumpdir' 'CMakeFiles/cmTC_89b92.dir/'
 /home/hkd/Downloads/orangepi-build-next/toolchains/gcc-arm-11.2-2022.02-x86_64-aarch64-none-linux-gnu/bin/../lib/gcc/aarch64-none-linux-gnu/11.2.1/../../../../aarch64-none-linux-gnu/bin/as -v -EL -march=armv8-a -mabi=lp64 -o CMakeFiles/cmTC_89b92.dir/CMakeCXXCompilerABI.cpp.o /tmp/ccai3Oix.s
GNU assembler version 2.37 (aarch64-none-linux-gnu) using BFD version (GNU Toolchain for the Arm Architecture 11.2-2022.02 (arm-11.14)) 2.37.20220122
COMPILER_PATH=/home/hkd/Downloads/orangepi-build-next/toolchains/gcc-arm-11.2-2022.02-x86_64-aarch64-none-linux-gnu/bin/../libexec/gcc/aarch64-none-linux-gnu/11.2.1/:/home/hkd/Downloads/orangepi-build-next/toolchains/gcc-arm-11.2-2022.02-x86_64-aarch64-none-linux-gnu/bin/../libexec/gcc/:/home/hkd/Downloads/orangepi-build-next/toolchains/gcc-arm-11.2-2022.02-x86_64-aarch64-none-linux-gnu/bin/../lib/gcc/aarch64-none-linux-gnu/11.2.1/../../../../aarch64-none-linux-gnu/bin/
LIBRARY_PATH=/home/hkd/Downloads/orangepi-build-next/toolchains/gcc-arm-11.2-2022.02-x86_64-aarch64-none-linux-gnu/bin/../lib/gcc/aarch64-none-linux-gnu/11.2.1/:/home/hkd/Downloads/orangepi-build-next/toolchains/gcc-arm-11.2-2022.02-x86_64-aarch64-none-linux-gnu/bin/../lib/gcc/:/home/hkd/Downloads/orangepi-build-next/toolchains/gcc-arm-11.2-2022.02-x86_64-aarch64-none-linux-gnu/bin/../lib/gcc/aarch64-none-linux-gnu/11.2.1/../../../../aarch64-none-linux-gnu/lib/../lib64/:/home/hkd/Downloads/orangepi-build-next/toolchains/gcc-arm-11.2-2022.02-x86_64-aarch64-none-linux-gnu/bin/../aarch64-none-linux-gnu/libc/lib/../lib64/:/home/hkd/Downloads/orangepi-build-next/toolchains/gcc-arm-11.2-2022.02-x86_64-aarch64-none-linux-gnu/bin/../aarch64-none-linux-gnu/libc/usr/lib/../lib64/:/home/hkd/Downloads/orangepi-build-next/toolchains/gcc-arm-11.2-2022.02-x86_64-aarch64-none-linux-gnu/bin/../lib/gcc/aarch64-none-linux-gnu/11.2.1/../../../../aarch64-none-linux-gnu/lib/:/home/hkd/Downloads/orangepi-build-next/toolchains/gcc-arm-11.2-2022.02-x86_64-aarch64-none-linux-gnu/bin/../aarch64-none-linux-gnu/libc/lib/:/home/hkd/Downloads/orangepi-build-next/toolchains/gcc-arm-11.2-2022.02-x86_64-aarch64-none-linux-gnu/bin/../aarch64-none-linux-gnu/libc/usr/lib/
COLLECT_GCC_OPTIONS='-march=armv8-a' '-v' '-o' 'CMakeFiles/cmTC_89b92.dir/CMakeCXXCompilerABI.cpp.o' '-c' '-shared-libgcc' '-mlittle-endian' '-mabi=lp64' '-dumpdir' 'CMakeFiles/cmTC_89b92.dir/CMakeCXXCompilerABI.cpp.'
Linking CXX executable cmTC_89b92
/usr/bin/cmake -E cmake_link_script CMakeFiles/cmTC_89b92.dir/link.txt --verbose=1
/home/hkd/Downloads/orangepi-build-next/toolchains/gcc-arm-11.2-2022.02-x86_64-aarch64-none-linux-gnu/bin/aarch64-none-linux-gnu-g++ -march=armv8-a   -v CMakeFiles/cmTC_89b92.dir/CMakeCXXCompilerABI.cpp.o -o cmTC_89b92 
Using built-in specs.
COLLECT_GCC=/home/hkd/Downloads/orangepi-build-next/toolchains/gcc-arm-11.2-2022.02-x86_64-aarch64-none-linux-gnu/bin/aarch64-none-linux-gnu-g++
COLLECT_LTO_WRAPPER=/home/hkd/Downloads/orangepi-build-next/toolchains/gcc-arm-11.2-2022.02-x86_64-aarch64-none-linux-gnu/bin/../libexec/gcc/aarch64-none-linux-gnu/11.2.1/lto-wrapper
Target: aarch64-none-linux-gnu
Configured with: /data/jenkins/workspace/GNU-toolchain/arm-11/src/gcc/configure --target=aarch64-none-linux-gnu --prefix= --with-sysroot=/aarch64-none-linux-gnu/libc --with-build-sysroot=/data/jenkins/workspace/GNU-toolchain/arm-11/build-aarch64-none-linux-gnu/install//aarch64-none-linux-gnu/libc --with-bugurl=https://bugs.linaro.org/ --enable-gnu-indirect-function --enable-shared --disable-libssp --disable-libmudflap --enable-checking=release --enable-languages=c,c++,fortran --with-gmp=/data/jenkins/workspace/GNU-toolchain/arm-11/build-aarch64-none-linux-gnu/host-tools --with-mpfr=/data/jenkins/workspace/GNU-toolchain/arm-11/build-aarch64-none-linux-gnu/host-tools --with-mpc=/data/jenkins/workspace/GNU-toolchain/arm-11/build-aarch64-none-linux-gnu/host-tools --with-isl=/data/jenkins/workspace/GNU-toolchain/arm-11/build-aarch64-none-linux-gnu/host-tools --enable-fix-cortex-a53-843419 --with-pkgversion='GNU Toolchain for the Arm Architecture 11.2-2022.02 (arm-11.14)'
Thread model: posix
Supported LTO compression algorithms: zlib
gcc version 11.2.1 20220111 (GNU Toolchain for the Arm Architecture 11.2-2022.02 (arm-11.14)) 
COMPILER_PATH=/home/hkd/Downloads/orangepi-build-next/toolchains/gcc-arm-11.2-2022.02-x86_64-aarch64-none-linux-gnu/bin/../libexec/gcc/aarch64-none-linux-gnu/11.2.1/:/home/hkd/Downloads/orangepi-build-next/toolchains/gcc-arm-11.2-2022.02-x86_64-aarch64-none-linux-gnu/bin/../libexec/gcc/:/home/hkd/Downloads/orangepi-build-next/toolchains/gcc-arm-11.2-2022.02-x86_64-aarch64-none-linux-gnu/bin/../lib/gcc/aarch64-none-linux-gnu/11.2.1/../../../../aarch64-none-linux-gnu/bin/
LIBRARY_PATH=/home/hkd/Downloads/orangepi-build-next/toolchains/gcc-arm-11.2-2022.02-x86_64-aarch64-none-linux-gnu/bin/../lib/gcc/aarch64-none-linux-gnu/11.2.1/:/home/hkd/Downloads/orangepi-build-next/toolchains/gcc-arm-11.2-2022.02-x86_64-aarch64-none-linux-gnu/bin/../lib/gcc/:/home/hkd/Downloads/orangepi-build-next/toolchains/gcc-arm-11.2-2022.02-x86_64-aarch64-none-linux-gnu/bin/../lib/gcc/aarch64-none-linux-gnu/11.2.1/../../../../aarch64-none-linux-gnu/lib/../lib64/:/home/hkd/Downloads/orangepi-build-next/toolchains/gcc-arm-11.2-2022.02-x86_64-aarch64-none-linux-gnu/bin/../aarch64-none-linux-gnu/libc/lib/../lib64/:/home/hkd/Downloads/orangepi-build-next/toolchains/gcc-arm-11.2-2022.02-x86_64-aarch64-none-linux-gnu/bin/../aarch64-none-linux-gnu/libc/usr/lib/../lib64/:/home/hkd/Downloads/orangepi-build-next/toolchains/gcc-arm-11.2-2022.02-x86_64-aarch64-none-linux-gnu/bin/../lib/gcc/aarch64-none-linux-gnu/11.2.1/../../../../aarch64-none-linux-gnu/lib/:/home/hkd/Downloads/orangepi-build-next/toolchains/gcc-arm-11.2-2022.02-x86_64-aarch64-none-linux-gnu/bin/../aarch64-none-linux-gnu/libc/lib/:/home/hkd/Downloads/orangepi-build-next/toolchains/gcc-arm-11.2-2022.02-x86_64-aarch64-none-linux-gnu/bin/../aarch64-none-linux-gnu/libc/usr/lib/
COLLECT_GCC_OPTIONS='-march=armv8-a' '-v' '-o' 'cmTC_89b92' '-shared-libgcc' '-mlittle-endian' '-mabi=lp64' '-dumpdir' 'cmTC_89b92.'
 /home/hkd/Downloads/orangepi-build-next/toolchains/gcc-arm-11.2-2022.02-x86_64-aarch64-none-linux-gnu/bin/../libexec/gcc/aarch64-none-linux-gnu/11.2.1/collect2 -plugin /home/hkd/Downloads/orangepi-build-next/toolchains/gcc-arm-11.2-2022.02-x86_64-aarch64-none-linux-gnu/bin/../libexec/gcc/aarch64-none-linux-gnu/11.2.1/liblto_plugin.so -plugin-opt=/home/hkd/Downloads/orangepi-build-next/toolchains/gcc-arm-11.2-2022.02-x86_64-aarch64-none-linux-gnu/bin/../libexec/gcc/aarch64-none-linux-gnu/11.2.1/lto-wrapper -plugin-opt=-fresolution=/tmp/cc16rw3j.res -plugin-opt=-pass-through=-lgcc_s -plugin-opt=-pass-through=-lgcc -plugin-opt=-pass-through=-lc -plugin-opt=-pass-through=-lgcc_s -plugin-opt=-pass-through=-lgcc --sysroot=/home/hkd/Downloads/orangepi-build-next/toolchains/gcc-arm-11.2-2022.02-x86_64-aarch64-none-linux-gnu/bin/../aarch64-none-linux-gnu/libc --eh-frame-hdr -dynamic-linker /lib/ld-linux-aarch64.so.1 -X -EL -maarch64linux --fix-cortex-a53-843419 -o cmTC_89b92 /home/hkd/Downloads/orangepi-build-next/toolchains/gcc-arm-11.2-2022.02-x86_64-aarch64-none-linux-gnu/bin/../aarch64-none-linux-gnu/libc/usr/lib/../lib64/crt1.o /home/hkd/Downloads/orangepi-build-next/toolchains/gcc-arm-11.2-2022.02-x86_64-aarch64-none-linux-gnu/bin/../aarch64-none-linux-gnu/libc/usr/lib/../lib64/crti.o /home/hkd/Downloads/orangepi-build-next/toolchains/gcc-arm-11.2-2022.02-x86_64-aarch64-none-linux-gnu/bin/../lib/gcc/aarch64-none-linux-gnu/11.2.1/crtbegin.o -L/home/hkd/Downloads/orangepi-build-next/toolchains/gcc-arm-11.2-2022.02-x86_64-aarch64-none-linux-gnu/bin/../lib/gcc/aarch64-none-linux-gnu/11.2.1 -L/home/hkd/Downloads/orangepi-build-next/toolchains/gcc-arm-11.2-2022.02-x86_64-aarch64-none-linux-gnu/bin/../lib/gcc -L/home/hkd/Downloads/orangepi-build-next/toolchains/gcc-arm-11.2-2022.02-x86_64-aarch64-none-linux-gnu/bin/../lib/gcc/aarch64-none-linux-gnu/11.2.1/../../../../aarch64-none-linux-gnu/lib/../lib64 -L/home/hkd/Downloads/orangepi-build-next/toolchains/gcc-arm-11.2-2022.02-x86_64-aarch64-none-linux-gnu/bin/../aarch64-none-linux-gnu/libc/lib/../lib64 -L/home/hkd/Downloads/orangepi-build-next/toolchains/gcc-arm-11.2-2022.02-x86_64-aarch64-none-linux-gnu/bin/../aarch64-none-linux-gnu/libc/usr/lib/../lib64 -L/home/hkd/Downloads/orangepi-build-next/toolchains/gcc-arm-11.2-2022.02-x86_64-aarch64-none-linux-gnu/bin/../lib/gcc/aarch64-none-linux-gnu/11.2.1/../../../../aarch64-none-linux-gnu/lib -L/home/hkd/Downloads/orangepi-build-next/toolchains/gcc-arm-11.2-2022.02-x86_64-aarch64-none-linux-gnu/bin/../aarch64-none-linux-gnu/libc/lib -L/home/hkd/Downloads/orangepi-build-next/toolchains/gcc-arm-11.2-2022.02-x86_64-aarch64-none-linux-gnu/bin/../aarch64-none-linux-gnu/libc/usr/lib CMakeFiles/cmTC_89b92.dir/CMakeCXXCompilerABI.cpp.o -lstdc++ -lm -lgcc_s -lgcc -lc -lgcc_s -lgcc /home/hkd/Downloads/orangepi-build-next/toolchains/gcc-arm-11.2-2022.02-x86_64-aarch64-none-linux-gnu/bin/../lib/gcc/aarch64-none-linux-gnu/11.2.1/crtend.o /home/hkd/Downloads/orangepi-build-next/toolchains/gcc-arm-11.2-2022.02-x86_64-aarch64-none-linux-gnu/bin/../aarch64-none-linux-gnu/libc/usr/lib/../lib64/crtn.o
COLLECT_GCC_OPTIONS='-march=armv8-a' '-v' '-o' 'cmTC_89b92' '-shared-libgcc' '-mlittle-endian' '-mabi=lp64' '-dumpdir' 'cmTC_89b92.'
gmake[1]: Leaving directory '/home/hkd/Desktop/ncnn_video/build/CMakeFiles/CMakeTmp'



Parsed CXX implicit include dir info from above output: rv=done
  found start of include info
  found start of implicit include info
    add: [/home/hkd/Downloads/orangepi-build-next/toolchains/gcc-arm-11.2-2022.02-x86_64-aarch64-none-linux-gnu/bin/../lib/gcc/aarch64-none-linux-gnu/11.2.1/../../../../aarch64-none-linux-gnu/include/c++/11.2.1]
    add: [/home/hkd/Downloads/orangepi-build-next/toolchains/gcc-arm-11.2-2022.02-x86_64-aarch64-none-linux-gnu/bin/../lib/gcc/aarch64-none-linux-gnu/11.2.1/../../../../aarch64-none-linux-gnu/include/c++/11.2.1/aarch64-none-linux-gnu]
    add: [/home/hkd/Downloads/orangepi-build-next/toolchains/gcc-arm-11.2-2022.02-x86_64-aarch64-none-linux-gnu/bin/../lib/gcc/aarch64-none-linux-gnu/11.2.1/../../../../aarch64-none-linux-gnu/include/c++/11.2.1/backward]
    add: [/home/hkd/Downloads/orangepi-build-next/toolchains/gcc-arm-11.2-2022.02-x86_64-aarch64-none-linux-gnu/bin/../lib/gcc/aarch64-none-linux-gnu/11.2.1/include]
    add: [/home/hkd/Downloads/orangepi-build-next/toolchains/gcc-arm-11.2-2022.02-x86_64-aarch64-none-linux-gnu/bin/../lib/gcc/aarch64-none-linux-gnu/11.2.1/include-fixed]
    add: [/home/hkd/Downloads/orangepi-build-next/toolchains/gcc-arm-11.2-2022.02-x86_64-aarch64-none-linux-gnu/bin/../lib/gcc/aarch64-none-linux-gnu/11.2.1/../../../../aarch64-none-linux-gnu/include]
    add: [/home/hkd/Downloads/orangepi-build-next/toolchains/gcc-arm-11.2-2022.02-x86_64-aarch64-none-linux-gnu/bin/../aarch64-none-linux-gnu/libc/usr/include]
  end of search list found
  collapse include dir [/home/hkd/Downloads/orangepi-build-next/toolchains/gcc-arm-11.2-2022.02-x86_64-aarch64-none-linux-gnu/bin/../lib/gcc/aarch64-none-linux-gnu/11.2.1/../../../../aarch64-none-linux-gnu/include/c++/11.2.1] ==> [/home/hkd/Downloads/orangepi-build-next/toolchains/gcc-arm-11.2-2022.02-x86_64-aarch64-none-linux-gnu/aarch64-none-linux-gnu/include/c++/11.2.1]
  collapse include dir [/home/hkd/Downloads/orangepi-build-next/toolchains/gcc-arm-11.2-2022.02-x86_64-aarch64-none-linux-gnu/bin/../lib/gcc/aarch64-none-linux-gnu/11.2.1/../../../../aarch64-none-linux-gnu/include/c++/11.2.1/aarch64-none-linux-gnu] ==> [/home/hkd/Downloads/orangepi-build-next/toolchains/gcc-arm-11.2-2022.02-x86_64-aarch64-none-linux-gnu/aarch64-none-linux-gnu/include/c++/11.2.1/aarch64-none-linux-gnu]
  collapse include dir [/home/hkd/Downloads/orangepi-build-next/toolchains/gcc-arm-11.2-2022.02-x86_64-aarch64-none-linux-gnu/bin/../lib/gcc/aarch64-none-linux-gnu/11.2.1/../../../../aarch64-none-linux-gnu/include/c++/11.2.1/backward] ==> [/home/hkd/Downloads/orangepi-build-next/toolchains/gcc-arm-11.2-2022.02-x86_64-aarch64-none-linux-gnu/aarch64-none-linux-gnu/include/c++/11.2.1/backward]
  collapse include dir [/home/hkd/Downloads/orangepi-build-next/toolchains/gcc-arm-11.2-2022.02-x86_64-aarch64-none-linux-gnu/bin/../lib/gcc/aarch64-none-linux-gnu/11.2.1/include] ==> [/home/hkd/Downloads/orangepi-build-next/toolchains/gcc-arm-11.2-2022.02-x86_64-aarch64-none-linux-gnu/lib/gcc/aarch64-none-linux-gnu/11.2.1/include]
  collapse include dir [/home/hkd/Downloads/orangepi-build-next/toolchains/gcc-arm-11.2-2022.02-x86_64-aarch64-none-linux-gnu/bin/../lib/gcc/aarch64-none-linux-gnu/11.2.1/include-fixed] ==> [/home/hkd/Downloads/orangepi-build-next/toolchains/gcc-arm-11.2-2022.02-x86_64-aarch64-none-linux-gnu/lib/gcc/aarch64-none-linux-gnu/11.2.1/include-fixed]
  collapse include dir [/home/hkd/Downloads/orangepi-build-next/toolchains/gcc-arm-11.2-2022.02-x86_64-aarch64-none-linux-gnu/bin/../lib/gcc/aarch64-none-linux-gnu/11.2.1/../../../../aarch64-none-linux-gnu/include] ==> [/home/hkd/Downloads/orangepi-build-next/toolchains/gcc-arm-11.2-2022.02-x86_64-aarch64-none-linux-gnu/aarch64-none-linux-gnu/include]
  collapse include dir [/home/hkd/Downloads/orangepi-build-next/toolchains/gcc-arm-11.2-2022.02-x86_64-aarch64-none-linux-gnu/bin/../aarch64-none-linux-gnu/libc/usr/include] ==> [/home/hkd/Downloads/orangepi-build-next/toolchains/gcc-arm-11.2-2022.02-x86_64-aarch64-none-linux-gnu/aarch64-none-linux-gnu/libc/usr/include]
  implicit include dirs: [/home/hkd/Downloads/orangepi-build-next/toolchains/gcc-arm-11.2-2022.02-x86_64-aarch64-none-linux-gnu/aarch64-none-linux-gnu/include/c++/11.2.1;/home/hkd/Downloads/orangepi-build-next/toolchains/gcc-arm-11.2-2022.02-x86_64-aarch64-none-linux-gnu/aarch64-none-linux-gnu/include/c++/11.2.1/aarch64-none-linux-gnu;/home/hkd/Downloads/orangepi-build-next/toolchains/gcc-arm-11.2-2022.02-x86_64-aarch64-none-linux-gnu/aarch64-none-linux-gnu/include/c++/11.2.1/backward;/home/hkd/Downloads/orangepi-build-next/toolchains/gcc-arm-11.2-2022.02-x86_64-aarch64-none-linux-gnu/lib/gcc/aarch64-none-linux-gnu/11.2.1/include;/home/hkd/Downloads/orangepi-build-next/toolchains/gcc-arm-11.2-2022.02-x86_64-aarch64-none-linux-gnu/lib/gcc/aarch64-none-linux-gnu/11.2.1/include-fixed;/home/hkd/Downloads/orangepi-build-next/toolchains/gcc-arm-11.2-2022.02-x86_64-aarch64-none-linux-gnu/aarch64-none-linux-gnu/include;/home/hkd/Downloads/orangepi-build-next/toolchains/gcc-arm-11.2-2022.02-x86_64-aarch64-none-linux-gnu/aarch64-none-linux-gnu/libc/usr/include]


Parsed CXX implicit link information from above output:
  link line regex: [^( *|.*[/\])(aarch64-none-linux-gnu-ld|CMAKE_LINK_STARTFILE-NOTFOUND|([^/\]+-)?ld|collect2)[^/\]*( |$)]
  ignore line: [Change Dir: /home/hkd/Desktop/ncnn_video/build/CMakeFiles/CMakeTmp]
  ignore line: []
  ignore line: [Run Build Command(s):/usr/bin/gmake -f Makefile cmTC_89b92/fast && /usr/bin/gmake  -f CMakeFiles/cmTC_89b92.dir/build.make CMakeFiles/cmTC_89b92.dir/build]
  ignore line: [gmake[1]: Entering directory '/home/hkd/Desktop/ncnn_video/build/CMakeFiles/CMakeTmp']
  ignore line: [Building CXX object CMakeFiles/cmTC_89b92.dir/CMakeCXXCompilerABI.cpp.o]
  ignore line: [/home/hkd/Downloads/orangepi-build-next/toolchains/gcc-arm-11.2-2022.02-x86_64-aarch64-none-linux-gnu/bin/aarch64-none-linux-gnu-g++   -march=armv8-a    -v -o CMakeFiles/cmTC_89b92.dir/CMakeCXXCompilerABI.cpp.o -c /usr/share/cmake-3.22/Modules/CMakeCXXCompilerABI.cpp]
  ignore line: [Using built-in specs.]
  ignore line: [COLLECT_GCC=/home/hkd/Downloads/orangepi-build-next/toolchains/gcc-arm-11.2-2022.02-x86_64-aarch64-none-linux-gnu/bin/aarch64-none-linux-gnu-g++]
  ignore line: [Target: aarch64-none-linux-gnu]
  ignore line: [Configured with: /data/jenkins/workspace/GNU-toolchain/arm-11/src/gcc/configure --target=aarch64-none-linux-gnu --prefix= --with-sysroot=/aarch64-none-linux-gnu/libc --with-build-sysroot=/data/jenkins/workspace/GNU-toolchain/arm-11/build-aarch64-none-linux-gnu/install//aarch64-none-linux-gnu/libc --with-bugurl=https://bugs.linaro.org/ --enable-gnu-indirect-function --enable-shared --disable-libssp --disable-libmudflap --enable-checking=release --enable-languages=c c++ fortran --with-gmp=/data/jenkins/workspace/GNU-toolchain/arm-11/build-aarch64-none-linux-gnu/host-tools --with-mpfr=/data/jenkins/workspace/GNU-toolchain/arm-11/build-aarch64-none-linux-gnu/host-tools --with-mpc=/data/jenkins/workspace/GNU-toolchain/arm-11/build-aarch64-none-linux-gnu/host-tools --with-isl=/data/jenkins/workspace/GNU-toolchain/arm-11/build-aarch64-none-linux-gnu/host-tools --enable-fix-cortex-a53-843419 --with-pkgversion='GNU Toolchain for the Arm Architecture 11.2-2022.02 (arm-11.14)']
  ignore line: [Thread model: posix]
  ignore line: [Supported LTO compression algorithms: zlib]
  ignore line: [gcc version 11.2.1 20220111 (GNU Toolchain for the Arm Architecture 11.2-2022.02 (arm-11.14)) ]
  ignore line: [COLLECT_GCC_OPTIONS='-march=armv8-a' '-v' '-o' 'CMakeFiles/cmTC_89b92.dir/CMakeCXXCompilerABI.cpp.o' '-c' '-shared-libgcc' '-mlittle-endian' '-mabi=lp64' '-dumpdir' 'CMakeFiles/cmTC_89b92.dir/']
  ignore line: [ /home/hkd/Downloads/orangepi-build-next/toolchains/gcc-arm-11.2-2022.02-x86_64-aarch64-none-linux-gnu/bin/../libexec/gcc/aarch64-none-linux-gnu/11.2.1/cc1plus -quiet -v -iprefix /home/hkd/Downloads/orangepi-build-next/toolchains/gcc-arm-11.2-2022.02-x86_64-aarch64-none-linux-gnu/bin/../lib/gcc/aarch64-none-linux-gnu/11.2.1/ -isysroot /home/hkd/Downloads/orangepi-build-next/toolchains/gcc-arm-11.2-2022.02-x86_64-aarch64-none-linux-gnu/bin/../aarch64-none-linux-gnu/libc -D_GNU_SOURCE /usr/share/cmake-3.22/Modules/CMakeCXXCompilerABI.cpp -quiet -dumpdir CMakeFiles/cmTC_89b92.dir/ -dumpbase CMakeCXXCompilerABI.cpp.cpp -dumpbase-ext .cpp -march=armv8-a -mlittle-endian -mabi=lp64 -version -o /tmp/ccai3Oix.s]
  ignore line: [GNU C++17 (GNU Toolchain for the Arm Architecture 11.2-2022.02 (arm-11.14)) version 11.2.1 20220111 (aarch64-none-linux-gnu)]
  ignore line: [	compiled by GNU C version 4.8.5 20150623 (Red Hat 4.8.5-44)  GMP version 6.2.1  MPFR version 3.1.6  MPC version 1.0.3  isl version isl-0.15-1-g835ea3a-GMP]
  ignore line: []
  ignore line: [GGC heuristics: --param ggc-min-expand=100 --param ggc-min-heapsize=131072]
  ignore line: [ignoring duplicate directory "/home/hkd/Downloads/orangepi-build-next/toolchains/gcc-arm-11.2-2022.02-x86_64-aarch64-none-linux-gnu/bin/../lib/gcc/../../lib/gcc/aarch64-none-linux-gnu/11.2.1/../../../../aarch64-none-linux-gnu/include/c++/11.2.1"]
  ignore line: [ignoring duplicate directory "/home/hkd/Downloads/orangepi-build-next/toolchains/gcc-arm-11.2-2022.02-x86_64-aarch64-none-linux-gnu/bin/../lib/gcc/../../lib/gcc/aarch64-none-linux-gnu/11.2.1/../../../../aarch64-none-linux-gnu/include/c++/11.2.1/aarch64-none-linux-gnu"]
  ignore line: [ignoring duplicate directory "/home/hkd/Downloads/orangepi-build-next/toolchains/gcc-arm-11.2-2022.02-x86_64-aarch64-none-linux-gnu/bin/../lib/gcc/../../lib/gcc/aarch64-none-linux-gnu/11.2.1/../../../../aarch64-none-linux-gnu/include/c++/11.2.1/backward"]
  ignore line: [ignoring duplicate directory "/home/hkd/Downloads/orangepi-build-next/toolchains/gcc-arm-11.2-2022.02-x86_64-aarch64-none-linux-gnu/bin/../lib/gcc/../../lib/gcc/aarch64-none-linux-gnu/11.2.1/include"]
  ignore line: [ignoring nonexistent directory "/home/hkd/Downloads/orangepi-build-next/toolchains/gcc-arm-11.2-2022.02-x86_64-aarch64-none-linux-gnu/bin/../aarch64-none-linux-gnu/libc/usr/local/include"]
  ignore line: [ignoring duplicate directory "/home/hkd/Downloads/orangepi-build-next/toolchains/gcc-arm-11.2-2022.02-x86_64-aarch64-none-linux-gnu/bin/../lib/gcc/../../lib/gcc/aarch64-none-linux-gnu/11.2.1/include-fixed"]
  ignore line: [ignoring duplicate directory "/home/hkd/Downloads/orangepi-build-next/toolchains/gcc-arm-11.2-2022.02-x86_64-aarch64-none-linux-gnu/bin/../lib/gcc/../../lib/gcc/aarch64-none-linux-gnu/11.2.1/../../../../aarch64-none-linux-gnu/include"]
  ignore line: [#include "..." search starts here:]
  ignore line: [#include <...> search starts here:]
  ignore line: [ /home/hkd/Downloads/orangepi-build-next/toolchains/gcc-arm-11.2-2022.02-x86_64-aarch64-none-linux-gnu/bin/../lib/gcc/aarch64-none-linux-gnu/11.2.1/../../../../aarch64-none-linux-gnu/include/c++/11.2.1]
  ignore line: [ /home/hkd/Downloads/orangepi-build-next/toolchains/gcc-arm-11.2-2022.02-x86_64-aarch64-none-linux-gnu/bin/../lib/gcc/aarch64-none-linux-gnu/11.2.1/../../../../aarch64-none-linux-gnu/include/c++/11.2.1/aarch64-none-linux-gnu]
  ignore line: [ /home/hkd/Downloads/orangepi-build-next/toolchains/gcc-arm-11.2-2022.02-x86_64-aarch64-none-linux-gnu/bin/../lib/gcc/aarch64-none-linux-gnu/11.2.1/../../../../aarch64-none-linux-gnu/include/c++/11.2.1/backward]
  ignore line: [ /home/hkd/Downloads/orangepi-build-next/toolchains/gcc-arm-11.2-2022.02-x86_64-aarch64-none-linux-gnu/bin/../lib/gcc/aarch64-none-linux-gnu/11.2.1/include]
  ignore line: [ /home/hkd/Downloads/orangepi-build-next/toolchains/gcc-arm-11.2-2022.02-x86_64-aarch64-none-linux-gnu/bin/../lib/gcc/aarch64-none-linux-gnu/11.2.1/include-fixed]
  ignore line: [ /home/hkd/Downloads/orangepi-build-next/toolchains/gcc-arm-11.2-2022.02-x86_64-aarch64-none-linux-gnu/bin/../lib/gcc/aarch64-none-linux-gnu/11.2.1/../../../../aarch64-none-linux-gnu/include]
  ignore line: [ /home/hkd/Downloads/orangepi-build-next/toolchains/gcc-arm-11.2-2022.02-x86_64-aarch64-none-linux-gnu/bin/../aarch64-none-linux-gnu/libc/usr/include]
  ignore line: [End of search list.]
  ignore line: [GNU C++17 (GNU Toolchain for the Arm Architecture 11.2-2022.02 (arm-11.14)) version 11.2.1 20220111 (aarch64-none-linux-gnu)]
  ignore line: [	compiled by GNU C version 4.8.5 20150623 (Red Hat 4.8.5-44)  GMP version 6.2.1  MPFR version 3.1.6  MPC version 1.0.3  isl version isl-0.15-1-g835ea3a-GMP]
  ignore line: []
  ignore line: [GGC heuristics: --param ggc-min-expand=100 --param ggc-min-heapsize=131072]
  ignore line: [Compiler executable checksum: c2d3e3a1b4f244c169287df7385bdbbb]
  ignore line: [COLLECT_GCC_OPTIONS='-march=armv8-a' '-v' '-o' 'CMakeFiles/cmTC_89b92.dir/CMakeCXXCompilerABI.cpp.o' '-c' '-shared-libgcc' '-mlittle-endian' '-mabi=lp64' '-dumpdir' 'CMakeFiles/cmTC_89b92.dir/']
  ignore line: [ /home/hkd/Downloads/orangepi-build-next/toolchains/gcc-arm-11.2-2022.02-x86_64-aarch64-none-linux-gnu/bin/../lib/gcc/aarch64-none-linux-gnu/11.2.1/../../../../aarch64-none-linux-gnu/bin/as -v -EL -march=armv8-a -mabi=lp64 -o CMakeFiles/cmTC_89b92.dir/CMakeCXXCompilerABI.cpp.o /tmp/ccai3Oix.s]
  ignore line: [GNU assembler version 2.37 (aarch64-none-linux-gnu) using BFD version (GNU Toolchain for the Arm Architecture 11.2-2022.02 (arm-11.14)) 2.37.20220122]
  ignore line: [COMPILER_PATH=/home/hkd/Downloads/orangepi-build-next/toolchains/gcc-arm-11.2-2022.02-x86_64-aarch64-none-linux-gnu/bin/../libexec/gcc/aarch64-none-linux-gnu/11.2.1/:/home/hkd/Downloads/orangepi-build-next/toolchains/gcc-arm-11.2-2022.02-x86_64-aarch64-none-linux-gnu/bin/../libexec/gcc/:/home/hkd/Downloads/orangepi-build-next/toolchains/gcc-arm-11.2-2022.02-x86_64-aarch64-none-linux-gnu/bin/../lib/gcc/aarch64-none-linux-gnu/11.2.1/../../../../aarch64-none-linux-gnu/bin/]
  ignore line: [LIBRARY_PATH=/home/hkd/Downloads/orangepi-build-next/toolchains/gcc-arm-11.2-2022.02-x86_64-aarch64-none-linux-gnu/bin/../lib/gcc/aarch64-none-linux-gnu/11.2.1/:/home/hkd/Downloads/orangepi-build-next/toolchains/gcc-arm-11.2-2022.02-x86_64-aarch64-none-linux-gnu/bin/../lib/gcc/:/home/hkd/Downloads/orangepi-build-next/toolchains/gcc-arm-11.2-2022.02-x86_64-aarch64-none-linux-gnu/bin/../lib/gcc/aarch64-none-linux-gnu/11.2.1/../../../../aarch64-none-linux-gnu/lib/../lib64/:/home/hkd/Downloads/orangepi-build-next/toolchains/gcc-arm-11.2-2022.02-x86_64-aarch64-none-linux-gnu/bin/../aarch64-none-linux-gnu/libc/lib/../lib64/:/home/hkd/Downloads/orangepi-build-next/toolchains/gcc-arm-11.2-2022.02-x86_64-aarch64-none-linux-gnu/bin/../aarch64-none-linux-gnu/libc/usr/lib/../lib64/:/home/hkd/Downloads/orangepi-build-next/toolchains/gcc-arm-11.2-2022.02-x86_64-aarch64-none-linux-gnu/bin/../lib/gcc/aarch64-none-linux-gnu/11.2.1/../../../../aarch64-none-linux-gnu/lib/:/home/hkd/Downloads/orangepi-build-next/toolchains/gcc-arm-11.2-2022.02-x86_64-aarch64-none-linux-gnu/bin/../aarch64-none-linux-gnu/libc/lib/:/home/hkd/Downloads/orangepi-build-next/toolchains/gcc-arm-11.2-2022.02-x86_64-aarch64-none-linux-gnu/bin/../aarch64-none-linux-gnu/libc/usr/lib/]
  ignore line: [COLLECT_GCC_OPTIONS='-march=armv8-a' '-v' '-o' 'CMakeFiles/cmTC_89b92.dir/CMakeCXXCompilerABI.cpp.o' '-c' '-shared-libgcc' '-mlittle-endian' '-mabi=lp64' '-dumpdir' 'CMakeFiles/cmTC_89b92.dir/CMakeCXXCompilerABI.cpp.']
  ignore line: [Linking CXX executable cmTC_89b92]
  ignore line: [/usr/bin/cmake -E cmake_link_script CMakeFiles/cmTC_89b92.dir/link.txt --verbose=1]
  ignore line: [/home/hkd/Downloads/orangepi-build-next/toolchains/gcc-arm-11.2-2022.02-x86_64-aarch64-none-linux-gnu/bin/aarch64-none-linux-gnu-g++ -march=armv8-a   -v CMakeFiles/cmTC_89b92.dir/CMakeCXXCompilerABI.cpp.o -o cmTC_89b92 ]
  ignore line: [Using built-in specs.]
  ignore line: [COLLECT_GCC=/home/hkd/Downloads/orangepi-build-next/toolchains/gcc-arm-11.2-2022.02-x86_64-aarch64-none-linux-gnu/bin/aarch64-none-linux-gnu-g++]
  ignore line: [COLLECT_LTO_WRAPPER=/home/hkd/Downloads/orangepi-build-next/toolchains/gcc-arm-11.2-2022.02-x86_64-aarch64-none-linux-gnu/bin/../libexec/gcc/aarch64-none-linux-gnu/11.2.1/lto-wrapper]
  ignore line: [Target: aarch64-none-linux-gnu]
  ignore line: [Configured with: /data/jenkins/workspace/GNU-toolchain/arm-11/src/gcc/configure --target=aarch64-none-linux-gnu --prefix= --with-sysroot=/aarch64-none-linux-gnu/libc --with-build-sysroot=/data/jenkins/workspace/GNU-toolchain/arm-11/build-aarch64-none-linux-gnu/install//aarch64-none-linux-gnu/libc --with-bugurl=https://bugs.linaro.org/ --enable-gnu-indirect-function --enable-shared --disable-libssp --disable-libmudflap --enable-checking=release --enable-languages=c c++ fortran --with-gmp=/data/jenkins/workspace/GNU-toolchain/arm-11/build-aarch64-none-linux-gnu/host-tools --with-mpfr=/data/jenkins/workspace/GNU-toolchain/arm-11/build-aarch64-none-linux-gnu/host-tools --with-mpc=/data/jenkins/workspace/GNU-toolchain/arm-11/build-aarch64-none-linux-gnu/host-tools --with-isl=/data/jenkins/workspace/GNU-toolchain/arm-11/build-aarch64-none-linux-gnu/host-tools --enable-fix-cortex-a53-843419 --with-pkgversion='GNU Toolchain for the Arm Architecture 11.2-2022.02 (arm-11.14)']
  ignore line: [Thread model: posix]
  ignore line: [Supported LTO compression algorithms: zlib]
  ignore line: [gcc version 11.2.1 20220111 (GNU Toolchain for the Arm Architecture 11.2-2022.02 (arm-11.14)) ]
  ignore line: [COMPILER_PATH=/home/hkd/Downloads/orangepi-build-next/toolchains/gcc-arm-11.2-2022.02-x86_64-aarch64-none-linux-gnu/bin/../libexec/gcc/aarch64-none-linux-gnu/11.2.1/:/home/hkd/Downloads/orangepi-build-next/toolchains/gcc-arm-11.2-2022.02-x86_64-aarch64-none-linux-gnu/bin/../libexec/gcc/:/home/hkd/Downloads/orangepi-build-next/toolchains/gcc-arm-11.2-2022.02-x86_64-aarch64-none-linux-gnu/bin/../lib/gcc/aarch64-none-linux-gnu/11.2.1/../../../../aarch64-none-linux-gnu/bin/]
  ignore line: [LIBRARY_PATH=/home/hkd/Downloads/orangepi-build-next/toolchains/gcc-arm-11.2-2022.02-x86_64-aarch64-none-linux-gnu/bin/../lib/gcc/aarch64-none-linux-gnu/11.2.1/:/home/hkd/Downloads/orangepi-build-next/toolchains/gcc-arm-11.2-2022.02-x86_64-aarch64-none-linux-gnu/bin/../lib/gcc/:/home/hkd/Downloads/orangepi-build-next/toolchains/gcc-arm-11.2-2022.02-x86_64-aarch64-none-linux-gnu/bin/../lib/gcc/aarch64-none-linux-gnu/11.2.1/../../../../aarch64-none-linux-gnu/lib/../lib64/:/home/hkd/Downloads/orangepi-build-next/toolchains/gcc-arm-11.2-2022.02-x86_64-aarch64-none-linux-gnu/bin/../aarch64-none-linux-gnu/libc/lib/../lib64/:/home/hkd/Downloads/orangepi-build-next/toolchains/gcc-arm-11.2-2022.02-x86_64-aarch64-none-linux-gnu/bin/../aarch64-none-linux-gnu/libc/usr/lib/../lib64/:/home/hkd/Downloads/orangepi-build-next/toolchains/gcc-arm-11.2-2022.02-x86_64-aarch64-none-linux-gnu/bin/../lib/gcc/aarch64-none-linux-gnu/11.2.1/../../../../aarch64-none-linux-gnu/lib/:/home/hkd/Downloads/orangepi-build-next/toolchains/gcc-arm-11.2-2022.02-x86_64-aarch64-none-linux-gnu/bin/../aarch64-none-linux-gnu/libc/lib/:/home/hkd/Downloads/orangepi-build-next/toolchains/gcc-arm-11.2-2022.02-x86_64-aarch64-none-linux-gnu/bin/../aarch64-none-linux-gnu/libc/usr/lib/]
  ignore line: [COLLECT_GCC_OPTIONS='-march=armv8-a' '-v' '-o' 'cmTC_89b92' '-shared-libgcc' '-mlittle-endian' '-mabi=lp64' '-dumpdir' 'cmTC_89b92.']
  link line: [ /home/hkd/Downloads/orangepi-build-next/toolchains/gcc-arm-11.2-2022.02-x86_64-aarch64-none-linux-gnu/bin/../libexec/gcc/aarch64-none-linux-gnu/11.2.1/collect2 -plugin /home/hkd/Downloads/orangepi-build-next/toolchains/gcc-arm-11.2-2022.02-x86_64-aarch64-none-linux-gnu/bin/../libexec/gcc/aarch64-none-linux-gnu/11.2.1/liblto_plugin.so -plugin-opt=/home/hkd/Downloads/orangepi-build-next/toolchains/gcc-arm-11.2-2022.02-x86_64-aarch64-none-linux-gnu/bin/../libexec/gcc/aarch64-none-linux-gnu/11.2.1/lto-wrapper -plugin-opt=-fresolution=/tmp/cc16rw3j.res -plugin-opt=-pass-through=-lgcc_s -plugin-opt=-pass-through=-lgcc -plugin-opt=-pass-through=-lc -plugin-opt=-pass-through=-lgcc_s -plugin-opt=-pass-through=-lgcc --sysroot=/home/hkd/Downloads/orangepi-build-next/toolchains/gcc-arm-11.2-2022.02-x86_64-aarch64-none-linux-gnu/bin/../aarch64-none-linux-gnu/libc --eh-frame-hdr -dynamic-linker /lib/ld-linux-aarch64.so.1 -X -EL -maarch64linux --fix-cortex-a53-843419 -o cmTC_89b92 /home/hkd/Downloads/orangepi-build-next/toolchains/gcc-arm-11.2-2022.02-x86_64-aarch64-none-linux-gnu/bin/../aarch64-none-linux-gnu/libc/usr/lib/../lib64/crt1.o /home/hkd/Downloads/orangepi-build-next/toolchains/gcc-arm-11.2-2022.02-x86_64-aarch64-none-linux-gnu/bin/../aarch64-none-linux-gnu/libc/usr/lib/../lib64/crti.o /home/hkd/Downloads/orangepi-build-next/toolchains/gcc-arm-11.2-2022.02-x86_64-aarch64-none-linux-gnu/bin/../lib/gcc/aarch64-none-linux-gnu/11.2.1/crtbegin.o -L/home/hkd/Downloads/orangepi-build-next/toolchains/gcc-arm-11.2-2022.02-x86_64-aarch64-none-linux-gnu/bin/../lib/gcc/aarch64-none-linux-gnu/11.2.1 -L/home/hkd/Downloads/orangepi-build-next/toolchains/gcc-arm-11.2-2022.02-x86_64-aarch64-none-linux-gnu/bin/../lib/gcc -L/home/hkd/Downloads/orangepi-build-next/toolchains/gcc-arm-11.2-2022.02-x86_64-aarch64-none-linux-gnu/bin/../lib/gcc/aarch64-none-linux-gnu/11.2.1/../../../../aarch64-none-linux-gnu/lib/../lib64 -L/home/hkd/Downloads/orangepi-build-next/toolchains/gcc-arm-11.2-2022.02-x86_64-aarch64-none-linux-gnu/bin/../aarch64-none-linux-gnu/libc/lib/../lib64 -L/home/hkd/Downloads/orangepi-build-next/toolchains/gcc-arm-11.2-2022.02-x86_64-aarch64-none-linux-gnu/bin/../aarch64-none-linux-gnu/libc/usr/lib/../lib64 -L/home/hkd/Downloads/orangepi-build-next/toolchains/gcc-arm-11.2-2022.02-x86_64-aarch64-none-linux-gnu/bin/../lib/gcc/aarch64-none-linux-gnu/11.2.1/../../../../aarch64-none-linux-gnu/lib -L/home/hkd/Downloads/orangepi-build-next/toolchains/gcc-arm-11.2-2022.02-x86_64-aarch64-none-linux-gnu/bin/../aarch64-none-linux-gnu/libc/lib -L/home/hkd/Downloads/orangepi-build-next/toolchains/gcc-arm-11.2-2022.02-x86_64-aarch64-none-linux-gnu/bin/../aarch64-none-linux-gnu/libc/usr/lib CMakeFiles/cmTC_89b92.dir/CMakeCXXCompilerABI.cpp.o -lstdc++ -lm -lgcc_s -lgcc -lc -lgcc_s -lgcc /home/hkd/Downloads/orangepi-build-next/toolchains/gcc-arm-11.2-2022.02-x86_64-aarch64-none-linux-gnu/bin/../lib/gcc/aarch64-none-linux-gnu/11.2.1/crtend.o /home/hkd/Downloads/orangepi-build-next/toolchains/gcc-arm-11.2-2022.02-x86_64-aarch64-none-linux-gnu/bin/../aarch64-none-linux-gnu/libc/usr/lib/../lib64/crtn.o]
    arg [/home/hkd/Downloads/orangepi-build-next/toolchains/gcc-arm-11.2-2022.02-x86_64-aarch64-none-linux-gnu/bin/../libexec/gcc/aarch64-none-linux-gnu/11.2.1/collect2] ==> ignore
    arg [-plugin] ==> ignore
    arg [/home/hkd/Downloads/orangepi-build-next/toolchains/gcc-arm-11.2-2022.02-x86_64-aarch64-none-linux-gnu/bin/../libexec/gcc/aarch64-none-linux-gnu/11.2.1/liblto_plugin.so] ==> ignore
    arg [-plugin-opt=/home/hkd/Downloads/orangepi-build-next/toolchains/gcc-arm-11.2-2022.02-x86_64-aarch64-none-linux-gnu/bin/../libexec/gcc/aarch64-none-linux-gnu/11.2.1/lto-wrapper] ==> ignore
    arg [-plugin-opt=-fresolution=/tmp/cc16rw3j.res] ==> ignore
    arg [-plugin-opt=-pass-through=-lgcc_s] ==> ignore
    arg [-plugin-opt=-pass-through=-lgcc] ==> ignore
    arg [-plugin-opt=-pass-through=-lc] ==> ignore
    arg [-plugin-opt=-pass-through=-lgcc_s] ==> ignore
    arg [-plugin-opt=-pass-through=-lgcc] ==> ignore
    arg [--sysroot=/home/hkd/Downloads/orangepi-build-next/toolchains/gcc-arm-11.2-2022.02-x86_64-aarch64-none-linux-gnu/bin/../aarch64-none-linux-gnu/libc] ==> ignore
    arg [--eh-frame-hdr] ==> ignore
    arg [-dynamic-linker] ==> ignore
    arg [/lib/ld-linux-aarch64.so.1] ==> ignore
    arg [-X] ==> ignore
    arg [-EL] ==> ignore
    arg [-maarch64linux] ==> ignore
    arg [--fix-cortex-a53-843419] ==> ignore
    arg [-o] ==> ignore
    arg [cmTC_89b92] ==> ignore
    arg [/home/hkd/Downloads/orangepi-build-next/toolchains/gcc-arm-11.2-2022.02-x86_64-aarch64-none-linux-gnu/bin/../aarch64-none-linux-gnu/libc/usr/lib/../lib64/crt1.o] ==> obj [/home/hkd/Downloads/orangepi-build-next/toolchains/gcc-arm-11.2-2022.02-x86_64-aarch64-none-linux-gnu/bin/../aarch64-none-linux-gnu/libc/usr/lib/../lib64/crt1.o]
    arg [/home/hkd/Downloads/orangepi-build-next/toolchains/gcc-arm-11.2-2022.02-x86_64-aarch64-none-linux-gnu/bin/../aarch64-none-linux-gnu/libc/usr/lib/../lib64/crti.o] ==> obj [/home/hkd/Downloads/orangepi-build-next/toolchains/gcc-arm-11.2-2022.02-x86_64-aarch64-none-linux-gnu/bin/../aarch64-none-linux-gnu/libc/usr/lib/../lib64/crti.o]
    arg [/home/hkd/Downloads/orangepi-build-next/toolchains/gcc-arm-11.2-2022.02-x86_64-aarch64-none-linux-gnu/bin/../lib/gcc/aarch64-none-linux-gnu/11.2.1/crtbegin.o] ==> obj [/home/hkd/Downloads/orangepi-build-next/toolchains/gcc-arm-11.2-2022.02-x86_64-aarch64-none-linux-gnu/bin/../lib/gcc/aarch64-none-linux-gnu/11.2.1/crtbegin.o]
    arg [-L/home/hkd/Downloads/orangepi-build-next/toolchains/gcc-arm-11.2-2022.02-x86_64-aarch64-none-linux-gnu/bin/../lib/gcc/aarch64-none-linux-gnu/11.2.1] ==> dir [/home/hkd/Downloads/orangepi-build-next/toolchains/gcc-arm-11.2-2022.02-x86_64-aarch64-none-linux-gnu/bin/../lib/gcc/aarch64-none-linux-gnu/11.2.1]
    arg [-L/home/hkd/Downloads/orangepi-build-next/toolchains/gcc-arm-11.2-2022.02-x86_64-aarch64-none-linux-gnu/bin/../lib/gcc] ==> dir [/home/hkd/Downloads/orangepi-build-next/toolchains/gcc-arm-11.2-2022.02-x86_64-aarch64-none-linux-gnu/bin/../lib/gcc]
    arg [-L/home/hkd/Downloads/orangepi-build-next/toolchains/gcc-arm-11.2-2022.02-x86_64-aarch64-none-linux-gnu/bin/../lib/gcc/aarch64-none-linux-gnu/11.2.1/../../../../aarch64-none-linux-gnu/lib/../lib64] ==> dir [/home/hkd/Downloads/orangepi-build-next/toolchains/gcc-arm-11.2-2022.02-x86_64-aarch64-none-linux-gnu/bin/../lib/gcc/aarch64-none-linux-gnu/11.2.1/../../../../aarch64-none-linux-gnu/lib/../lib64]
    arg [-L/home/hkd/Downloads/orangepi-build-next/toolchains/gcc-arm-11.2-2022.02-x86_64-aarch64-none-linux-gnu/bin/../aarch64-none-linux-gnu/libc/lib/../lib64] ==> dir [/home/hkd/Downloads/orangepi-build-next/toolchains/gcc-arm-11.2-2022.02-x86_64-aarch64-none-linux-gnu/bin/../aarch64-none-linux-gnu/libc/lib/../lib64]
    arg [-L/home/hkd/Downloads/orangepi-build-next/toolchains/gcc-arm-11.2-2022.02-x86_64-aarch64-none-linux-gnu/bin/../aarch64-none-linux-gnu/libc/usr/lib/../lib64] ==> dir [/home/hkd/Downloads/orangepi-build-next/toolchains/gcc-arm-11.2-2022.02-x86_64-aarch64-none-linux-gnu/bin/../aarch64-none-linux-gnu/libc/usr/lib/../lib64]
    arg [-L/home/hkd/Downloads/orangepi-build-next/toolchains/gcc-arm-11.2-2022.02-x86_64-aarch64-none-linux-gnu/bin/../lib/gcc/aarch64-none-linux-gnu/11.2.1/../../../../aarch64-none-linux-gnu/lib] ==> dir [/home/hkd/Downloads/orangepi-build-next/toolchains/gcc-arm-11.2-2022.02-x86_64-aarch64-none-linux-gnu/bin/../lib/gcc/aarch64-none-linux-gnu/11.2.1/../../../../aarch64-none-linux-gnu/lib]
    arg [-L/home/hkd/Downloads/orangepi-build-next/toolchains/gcc-arm-11.2-2022.02-x86_64-aarch64-none-linux-gnu/bin/../aarch64-none-linux-gnu/libc/lib] ==> dir [/home/hkd/Downloads/orangepi-build-next/toolchains/gcc-arm-11.2-2022.02-x86_64-aarch64-none-linux-gnu/bin/../aarch64-none-linux-gnu/libc/lib]
    arg [-L/home/hkd/Downloads/orangepi-build-next/toolchains/gcc-arm-11.2-2022.02-x86_64-aarch64-none-linux-gnu/bin/../aarch64-none-linux-gnu/libc/usr/lib] ==> dir [/home/hkd/Downloads/orangepi-build-next/toolchains/gcc-arm-11.2-2022.02-x86_64-aarch64-none-linux-gnu/bin/../aarch64-none-linux-gnu/libc/usr/lib]
    arg [CMakeFiles/cmTC_89b92.dir/CMakeCXXCompilerABI.cpp.o] ==> ignore
    arg [-lstdc++] ==> lib [stdc++]
    arg [-lm] ==> lib [m]
    arg [-lgcc_s] ==> lib [gcc_s]
    arg [-lgcc] ==> lib [gcc]
    arg [-lc] ==> lib [c]
    arg [-lgcc_s] ==> lib [gcc_s]
    arg [-lgcc] ==> lib [gcc]
    arg [/home/hkd/Downloads/orangepi-build-next/toolchains/gcc-arm-11.2-2022.02-x86_64-aarch64-none-linux-gnu/bin/../lib/gcc/aarch64-none-linux-gnu/11.2.1/crtend.o] ==> obj [/home/hkd/Downloads/orangepi-build-next/toolchains/gcc-arm-11.2-2022.02-x86_64-aarch64-none-linux-gnu/bin/../lib/gcc/aarch64-none-linux-gnu/11.2.1/crtend.o]
    arg [/home/hkd/Downloads/orangepi-build-next/toolchains/gcc-arm-11.2-2022.02-x86_64-aarch64-none-linux-gnu/bin/../aarch64-none-linux-gnu/libc/usr/lib/../lib64/crtn.o] ==> obj [/home/hkd/Downloads/orangepi-build-next/toolchains/gcc-arm-11.2-2022.02-x86_64-aarch64-none-linux-gnu/bin/../aarch64-none-linux-gnu/libc/usr/lib/../lib64/crtn.o]
  collapse obj [/home/hkd/Downloads/orangepi-build-next/toolchains/gcc-arm-11.2-2022.02-x86_64-aarch64-none-linux-gnu/bin/../aarch64-none-linux-gnu/libc/usr/lib/../lib64/crt1.o] ==> [/home/hkd/Downloads/orangepi-build-next/toolchains/gcc-arm-11.2-2022.02-x86_64-aarch64-none-linux-gnu/aarch64-none-linux-gnu/libc/usr/lib64/crt1.o]
  collapse obj [/home/hkd/Downloads/orangepi-build-next/toolchains/gcc-arm-11.2-2022.02-x86_64-aarch64-none-linux-gnu/bin/../aarch64-none-linux-gnu/libc/usr/lib/../lib64/crti.o] ==> [/home/hkd/Downloads/orangepi-build-next/toolchains/gcc-arm-11.2-2022.02-x86_64-aarch64-none-linux-gnu/aarch64-none-linux-gnu/libc/usr/lib64/crti.o]
  collapse obj [/home/hkd/Downloads/orangepi-build-next/toolchains/gcc-arm-11.2-2022.02-x86_64-aarch64-none-linux-gnu/bin/../lib/gcc/aarch64-none-linux-gnu/11.2.1/crtbegin.o] ==> [/home/hkd/Downloads/orangepi-build-next/toolchains/gcc-arm-11.2-2022.02-x86_64-aarch64-none-linux-gnu/lib/gcc/aarch64-none-linux-gnu/11.2.1/crtbegin.o]
  collapse obj [/home/hkd/Downloads/orangepi-build-next/toolchains/gcc-arm-11.2-2022.02-x86_64-aarch64-none-linux-gnu/bin/../lib/gcc/aarch64-none-linux-gnu/11.2.1/crtend.o] ==> [/home/hkd/Downloads/orangepi-build-next/toolchains/gcc-arm-11.2-2022.02-x86_64-aarch64-none-linux-gnu/lib/gcc/aarch64-none-linux-gnu/11.2.1/crtend.o]
  collapse obj [/home/hkd/Downloads/orangepi-build-next/toolchains/gcc-arm-11.2-2022.02-x86_64-aarch64-none-linux-gnu/bin/../aarch64-none-linux-gnu/libc/usr/lib/../lib64/crtn.o] ==> [/home/hkd/Downloads/orangepi-build-next/toolchains/gcc-arm-11.2-2022.02-x86_64-aarch64-none-linux-gnu/aarch64-none-linux-gnu/libc/usr/lib64/crtn.o]
  collapse library dir [/home/hkd/Downloads/orangepi-build-next/toolchains/gcc-arm-11.2-2022.02-x86_64-aarch64-none-linux-gnu/bin/../lib/gcc/aarch64-none-linux-gnu/11.2.1] ==> [/home/hkd/Downloads/orangepi-build-next/toolchains/gcc-arm-11.2-2022.02-x86_64-aarch64-none-linux-gnu/lib/gcc/aarch64-none-linux-gnu/11.2.1]
  collapse library dir [/home/hkd/Downloads/orangepi-build-next/toolchains/gcc-arm-11.2-2022.02-x86_64-aarch64-none-linux-gnu/bin/../lib/gcc] ==> [/home/hkd/Downloads/orangepi-build-next/toolchains/gcc-arm-11.2-2022.02-x86_64-aarch64-none-linux-gnu/lib/gcc]
  collapse library dir [/home/hkd/Downloads/orangepi-build-next/toolchains/gcc-arm-11.2-2022.02-x86_64-aarch64-none-linux-gnu/bin/../lib/gcc/aarch64-none-linux-gnu/11.2.1/../../../../aarch64-none-linux-gnu/lib/../lib64] ==> [/home/hkd/Downloads/orangepi-build-next/toolchains/gcc-arm-11.2-2022.02-x86_64-aarch64-none-linux-gnu/aarch64-none-linux-gnu/lib64]
  collapse library dir [/home/hkd/Downloads/orangepi-build-next/toolchains/gcc-arm-11.2-2022.02-x86_64-aarch64-none-linux-gnu/bin/../aarch64-none-linux-gnu/libc/lib/../lib64] ==> [/home/hkd/Downloads/orangepi-build-next/toolchains/gcc-arm-11.2-2022.02-x86_64-aarch64-none-linux-gnu/aarch64-none-linux-gnu/libc/lib64]
  collapse library dir [/home/hkd/Downloads/orangepi-build-next/toolchains/gcc-arm-11.2-2022.02-x86_64-aarch64-none-linux-gnu/bin/../aarch64-none-linux-gnu/libc/usr/lib/../lib64] ==> [/home/hkd/Downloads/orangepi-build-next/toolchains/gcc-arm-11.2-2022.02-x86_64-aarch64-none-linux-gnu/aarch64-none-linux-gnu/libc/usr/lib64]
  collapse library dir [/home/hkd/Downloads/orangepi-build-next/toolchains/gcc-arm-11.2-2022.02-x86_64-aarch64-none-linux-gnu/bin/../lib/gcc/aarch64-none-linux-gnu/11.2.1/../../../../aarch64-none-linux-gnu/lib] ==> [/home/hkd/Downloads/orangepi-build-next/toolchains/gcc-arm-11.2-2022.02-x86_64-aarch64-none-linux-gnu/aarch64-none-linux-gnu/lib]
  collapse library dir [/home/hkd/Downloads/orangepi-build-next/toolchains/gcc-arm-11.2-2022.02-x86_64-aarch64-none-linux-gnu/bin/../aarch64-none-linux-gnu/libc/lib] ==> [/home/hkd/Downloads/orangepi-build-next/toolchains/gcc-arm-11.2-2022.02-x86_64-aarch64-none-linux-gnu/aarch64-none-linux-gnu/libc/lib]
  collapse library dir [/home/hkd/Downloads/orangepi-build-next/toolchains/gcc-arm-11.2-2022.02-x86_64-aarch64-none-linux-gnu/bin/../aarch64-none-linux-gnu/libc/usr/lib] ==> [/home/hkd/Downloads/orangepi-build-next/toolchains/gcc-arm-11.2-2022.02-x86_64-aarch64-none-linux-gnu/aarch64-none-linux-gnu/libc/usr/lib]
  implicit libs: [stdc++;m;gcc_s;gcc;c;gcc_s;gcc]
  implicit objs: [/home/hkd/Downloads/orangepi-build-next/toolchains/gcc-arm-11.2-2022.02-x86_64-aarch64-none-linux-gnu/aarch64-none-linux-gnu/libc/usr/lib64/crt1.o;/home/hkd/Downloads/orangepi-build-next/toolchains/gcc-arm-11.2-2022.02-x86_64-aarch64-none-linux-gnu/aarch64-none-linux-gnu/libc/usr/lib64/crti.o;/home/hkd/Downloads/orangepi-build-next/toolchains/gcc-arm-11.2-2022.02-x86_64-aarch64-none-linux-gnu/lib/gcc/aarch64-none-linux-gnu/11.2.1/crtbegin.o;/home/hkd/Downloads/orangepi-build-next/toolchains/gcc-arm-11.2-2022.02-x86_64-aarch64-none-linux-gnu/lib/gcc/aarch64-none-linux-gnu/11.2.1/crtend.o;/home/hkd/Downloads/orangepi-build-next/toolchains/gcc-arm-11.2-2022.02-x86_64-aarch64-none-linux-gnu/aarch64-none-linux-gnu/libc/usr/lib64/crtn.o]
  implicit dirs: [/home/hkd/Downloads/orangepi-build-next/toolchains/gcc-arm-11.2-2022.02-x86_64-aarch64-none-linux-gnu/lib/gcc/aarch64-none-linux-gnu/11.2.1;/home/hkd/Downloads/orangepi-build-next/toolchains/gcc-arm-11.2-2022.02-x86_64-aarch64-none-linux-gnu/lib/gcc;/home/hkd/Downloads/orangepi-build-next/toolchains/gcc-arm-11.2-2022.02-x86_64-aarch64-none-linux-gnu/aarch64-none-linux-gnu/lib64;/home/hkd/Downloads/orangepi-build-next/toolchains/gcc-arm-11.2-2022.02-x86_64-aarch64-none-linux-gnu/aarch64-none-linux-gnu/libc/lib64;/home/hkd/Downloads/orangepi-build-next/toolchains/gcc-arm-11.2-2022.02-x86_64-aarch64-none-linux-gnu/aarch64-none-linux-gnu/libc/usr/lib64;/home/hkd/Downloads/orangepi-build-next/toolchains/gcc-arm-11.2-2022.02-x86_64-aarch64-none-linux-gnu/aarch64-none-linux-gnu/lib;/home/hkd/Downloads/orangepi-build-next/toolchains/gcc-arm-11.2-2022.02-x86_64-aarch64-none-linux-gnu/aarch64-none-linux-gnu/libc/lib;/home/hkd/Downloads/orangepi-build-next/toolchains/gcc-arm-11.2-2022.02-x86_64-aarch64-none-linux-gnu/aarch64-none-linux-gnu/libc/usr/lib]
  implicit fwks: []


Detecting C OpenMP compiler ABI info compiled with the following output:
Change Dir: /home/hkd/Desktop/ncnn_video/build/CMakeFiles/CMakeTmp

Run Build Command(s):/usr/bin/gmake -f Makefile cmTC_3478c/fast && /usr/bin/gmake  -f CMakeFiles/cmTC_3478c.dir/build.make CMakeFiles/cmTC_3478c.dir/build
gmake[1]: Entering directory '/home/hkd/Desktop/ncnn_video/build/CMakeFiles/CMakeTmp'
Building C object CMakeFiles/cmTC_3478c.dir/OpenMPTryFlag.c.o
/home/hkd/Downloads/orangepi-build-next/toolchains/gcc-arm-11.2-2022.02-x86_64-aarch64-none-linux-gnu/bin/aarch64-none-linux-gnu-gcc   -Wall -Werror -O2 -g -fopenmp -v -std=gnu11 -o CMakeFiles/cmTC_3478c.dir/OpenMPTryFlag.c.o -c /home/hkd/Desktop/ncnn_video/build/CMakeFiles/FindOpenMP/OpenMPTryFlag.c
Using built-in specs.
COLLECT_GCC=/home/hkd/Downloads/orangepi-build-next/toolchains/gcc-arm-11.2-2022.02-x86_64-aarch64-none-linux-gnu/bin/aarch64-none-linux-gnu-gcc
Target: aarch64-none-linux-gnu
Configured with: /data/jenkins/workspace/GNU-toolchain/arm-11/src/gcc/configure --target=aarch64-none-linux-gnu --prefix= --with-sysroot=/aarch64-none-linux-gnu/libc --with-build-sysroot=/data/jenkins/workspace/GNU-toolchain/arm-11/build-aarch64-none-linux-gnu/install//aarch64-none-linux-gnu/libc --with-bugurl=https://bugs.linaro.org/ --enable-gnu-indirect-function --enable-shared --disable-libssp --disable-libmudflap --enable-checking=release --enable-languages=c,c++,fortran --with-gmp=/data/jenkins/workspace/GNU-toolchain/arm-11/build-aarch64-none-linux-gnu/host-tools --with-mpfr=/data/jenkins/workspace/GNU-toolchain/arm-11/build-aarch64-none-linux-gnu/host-tools --with-mpc=/data/jenkins/workspace/GNU-toolchain/arm-11/build-aarch64-none-linux-gnu/host-tools --with-isl=/data/jenkins/workspace/GNU-toolchain/arm-11/build-aarch64-none-linux-gnu/host-tools --enable-fix-cortex-a53-843419 --with-pkgversion='GNU Toolchain for the Arm Architecture 11.2-2022.02 (arm-11.14)'
Thread model: posix
Supported LTO compression algorithms: zlib
gcc version 11.2.1 20220111 (GNU Toolchain for the Arm Architecture 11.2-2022.02 (arm-11.14)) 
COLLECT_GCC_OPTIONS='-Wall' '-Werror' '-O2' '-g' '-fopenmp' '-v' '-std=gnu11' '-o' 'CMakeFiles/cmTC_3478c.dir/OpenMPTryFlag.c.o' '-c' '-mlittle-endian' '-mabi=lp64' '-pthread' '-dumpdir' 'CMakeFiles/cmTC_3478c.dir/'
 /home/hkd/Downloads/orangepi-build-next/toolchains/gcc-arm-11.2-2022.02-x86_64-aarch64-none-linux-gnu/bin/../libexec/gcc/aarch64-none-linux-gnu/11.2.1/cc1 -quiet -v -iprefix /home/hkd/Downloads/orangepi-build-next/toolchains/gcc-arm-11.2-2022.02-x86_64-aarch64-none-linux-gnu/bin/../lib/gcc/aarch64-none-linux-gnu/11.2.1/ -isysroot /home/hkd/Downloads/orangepi-build-next/toolchains/gcc-arm-11.2-2022.02-x86_64-aarch64-none-linux-gnu/bin/../aarch64-none-linux-gnu/libc -D_REENTRANT /home/hkd/Desktop/ncnn_video/build/CMakeFiles/FindOpenMP/OpenMPTryFlag.c -quiet -dumpdir CMakeFiles/cmTC_3478c.dir/ -dumpbase OpenMPTryFlag.c.c -dumpbase-ext .c -mlittle-endian -mabi=lp64 -g -O2 -Wall -Werror -std=gnu11 -version -fopenmp -o /tmp/ccHf2RI7.s
GNU C11 (GNU Toolchain for the Arm Architecture 11.2-2022.02 (arm-11.14)) version 11.2.1 20220111 (aarch64-none-linux-gnu)
	compiled by GNU C version 4.8.5 20150623 (Red Hat 4.8.5-44), GMP version 6.2.1, MPFR version 3.1.6, MPC version 1.0.3, isl version isl-0.15-1-g835ea3a-GMP

GGC heuristics: --param ggc-min-expand=100 --param ggc-min-heapsize=131072
ignoring duplicate directory "/home/hkd/Downloads/orangepi-build-next/toolchains/gcc-arm-11.2-2022.02-x86_64-aarch64-none-linux-gnu/bin/../lib/gcc/../../lib/gcc/aarch64-none-linux-gnu/11.2.1/include"
ignoring nonexistent directory "/home/hkd/Downloads/orangepi-build-next/toolchains/gcc-arm-11.2-2022.02-x86_64-aarch64-none-linux-gnu/bin/../aarch64-none-linux-gnu/libc/usr/local/include"
ignoring duplicate directory "/home/hkd/Downloads/orangepi-build-next/toolchains/gcc-arm-11.2-2022.02-x86_64-aarch64-none-linux-gnu/bin/../lib/gcc/../../lib/gcc/aarch64-none-linux-gnu/11.2.1/include-fixed"
ignoring duplicate directory "/home/hkd/Downloads/orangepi-build-next/toolchains/gcc-arm-11.2-2022.02-x86_64-aarch64-none-linux-gnu/bin/../lib/gcc/../../lib/gcc/aarch64-none-linux-gnu/11.2.1/../../../../aarch64-none-linux-gnu/include"
#include "..." search starts here:
#include <...> search starts here:
 /home/hkd/Downloads/orangepi-build-next/toolchains/gcc-arm-11.2-2022.02-x86_64-aarch64-none-linux-gnu/bin/../lib/gcc/aarch64-none-linux-gnu/11.2.1/include
 /home/hkd/Downloads/orangepi-build-next/toolchains/gcc-arm-11.2-2022.02-x86_64-aarch64-none-linux-gnu/bin/../lib/gcc/aarch64-none-linux-gnu/11.2.1/include-fixed
 /home/hkd/Downloads/orangepi-build-next/toolchains/gcc-arm-11.2-2022.02-x86_64-aarch64-none-linux-gnu/bin/../lib/gcc/aarch64-none-linux-gnu/11.2.1/../../../../aarch64-none-linux-gnu/include
 /home/hkd/Downloads/orangepi-build-next/toolchains/gcc-arm-11.2-2022.02-x86_64-aarch64-none-linux-gnu/bin/../aarch64-none-linux-gnu/libc/usr/include
End of search list.
GNU C11 (GNU Toolchain for the Arm Architecture 11.2-2022.02 (arm-11.14)) version 11.2.1 20220111 (aarch64-none-linux-gnu)
	compiled by GNU C version 4.8.5 20150623 (Red Hat 4.8.5-44), GMP version 6.2.1, MPFR version 3.1.6, MPC version 1.0.3, isl version isl-0.15-1-g835ea3a-GMP

GGC heuristics: --param ggc-min-expand=100 --param ggc-min-heapsize=131072
Compiler executable checksum: 828328e97aaac243e4f3ffd92b3aef1b
COLLECT_GCC_OPTIONS='-Wall' '-Werror' '-O2' '-g' '-fopenmp' '-v' '-std=gnu11' '-o' 'CMakeFiles/cmTC_3478c.dir/OpenMPTryFlag.c.o' '-c' '-mlittle-endian' '-mabi=lp64' '-pthread' '-dumpdir' 'CMakeFiles/cmTC_3478c.dir/'
 /home/hkd/Downloads/orangepi-build-next/toolchains/gcc-arm-11.2-2022.02-x86_64-aarch64-none-linux-gnu/bin/../lib/gcc/aarch64-none-linux-gnu/11.2.1/../../../../aarch64-none-linux-gnu/bin/as -v --gdwarf-5 -EL -mabi=lp64 -o CMakeFiles/cmTC_3478c.dir/OpenMPTryFlag.c.o /tmp/ccHf2RI7.s
GNU assembler version 2.37 (aarch64-none-linux-gnu) using BFD version (GNU Toolchain for the Arm Architecture 11.2-2022.02 (arm-11.14)) 2.37.20220122
COMPILER_PATH=/home/hkd/Downloads/orangepi-build-next/toolchains/gcc-arm-11.2-2022.02-x86_64-aarch64-none-linux-gnu/bin/../libexec/gcc/aarch64-none-linux-gnu/11.2.1/:/home/hkd/Downloads/orangepi-build-next/toolchains/gcc-arm-11.2-2022.02-x86_64-aarch64-none-linux-gnu/bin/../libexec/gcc/:/home/hkd/Downloads/orangepi-build-next/toolchains/gcc-arm-11.2-2022.02-x86_64-aarch64-none-linux-gnu/bin/../lib/gcc/aarch64-none-linux-gnu/11.2.1/../../../../aarch64-none-linux-gnu/bin/
LIBRARY_PATH=/home/hkd/Downloads/orangepi-build-next/toolchains/gcc-arm-11.2-2022.02-x86_64-aarch64-none-linux-gnu/bin/../lib/gcc/aarch64-none-linux-gnu/11.2.1/:/home/hkd/Downloads/orangepi-build-next/toolchains/gcc-arm-11.2-2022.02-x86_64-aarch64-none-linux-gnu/bin/../lib/gcc/:/home/hkd/Downloads/orangepi-build-next/toolchains/gcc-arm-11.2-2022.02-x86_64-aarch64-none-linux-gnu/bin/../lib/gcc/aarch64-none-linux-gnu/11.2.1/../../../../aarch64-none-linux-gnu/lib/../lib64/:/home/hkd/Downloads/orangepi-build-next/toolchains/gcc-arm-11.2-2022.02-x86_64-aarch64-none-linux-gnu/bin/../aarch64-none-linux-gnu/libc/lib/../lib64/:/home/hkd/Downloads/orangepi-build-next/toolchains/gcc-arm-11.2-2022.02-x86_64-aarch64-none-linux-gnu/bin/../aarch64-none-linux-gnu/libc/usr/lib/../lib64/:/home/hkd/Downloads/orangepi-build-next/toolchains/gcc-arm-11.2-2022.02-x86_64-aarch64-none-linux-gnu/bin/../lib/gcc/aarch64-none-linux-gnu/11.2.1/../../../../aarch64-none-linux-gnu/lib/:/home/hkd/Downloads/orangepi-build-next/toolchains/gcc-arm-11.2-2022.02-x86_64-aarch64-none-linux-gnu/bin/../aarch64-none-linux-gnu/libc/lib/:/home/hkd/Downloads/orangepi-build-next/toolchains/gcc-arm-11.2-2022.02-x86_64-aarch64-none-linux-gnu/bin/../aarch64-none-linux-gnu/libc/usr/lib/
COLLECT_GCC_OPTIONS='-Wall' '-Werror' '-O2' '-g' '-fopenmp' '-v' '-std=gnu11' '-o' 'CMakeFiles/cmTC_3478c.dir/OpenMPTryFlag.c.o' '-c' '-mlittle-endian' '-mabi=lp64' '-pthread' '-dumpdir' 'CMakeFiles/cmTC_3478c.dir/OpenMPTryFlag.c.'
Linking C executable cmTC_3478c
/usr/bin/cmake -E cmake_link_script CMakeFiles/cmTC_3478c.dir/link.txt --verbose=1
/home/hkd/Downloads/orangepi-build-next/toolchains/gcc-arm-11.2-2022.02-x86_64-aarch64-none-linux-gnu/bin/aarch64-none-linux-gnu-gcc -Wall -Werror -O2 -g -fopenmp -v CMakeFiles/cmTC_3478c.dir/OpenMPTryFlag.c.o -o cmTC_3478c  -v 
Using built-in specs.
COLLECT_GCC=/home/hkd/Downloads/orangepi-build-next/toolchains/gcc-arm-11.2-2022.02-x86_64-aarch64-none-linux-gnu/bin/aarch64-none-linux-gnu-gcc
COLLECT_LTO_WRAPPER=/home/hkd/Downloads/orangepi-build-next/toolchains/gcc-arm-11.2-2022.02-x86_64-aarch64-none-linux-gnu/bin/../libexec/gcc/aarch64-none-linux-gnu/11.2.1/lto-wrapper
Target: aarch64-none-linux-gnu
Configured with: /data/jenkins/workspace/GNU-toolchain/arm-11/src/gcc/configure --target=aarch64-none-linux-gnu --prefix= --with-sysroot=/aarch64-none-linux-gnu/libc --with-build-sysroot=/data/jenkins/workspace/GNU-toolchain/arm-11/build-aarch64-none-linux-gnu/install//aarch64-none-linux-gnu/libc --with-bugurl=https://bugs.linaro.org/ --enable-gnu-indirect-function --enable-shared --disable-libssp --disable-libmudflap --enable-checking=release --enable-languages=c,c++,fortran --with-gmp=/data/jenkins/workspace/GNU-toolchain/arm-11/build-aarch64-none-linux-gnu/host-tools --with-mpfr=/data/jenkins/workspace/GNU-toolchain/arm-11/build-aarch64-none-linux-gnu/host-tools --with-mpc=/data/jenkins/workspace/GNU-toolchain/arm-11/build-aarch64-none-linux-gnu/host-tools --with-isl=/data/jenkins/workspace/GNU-toolchain/arm-11/build-aarch64-none-linux-gnu/host-tools --enable-fix-cortex-a53-843419 --with-pkgversion='GNU Toolchain for the Arm Architecture 11.2-2022.02 (arm-11.14)'
Thread model: posix
Supported LTO compression algorithms: zlib
gcc version 11.2.1 20220111 (GNU Toolchain for the Arm Architecture 11.2-2022.02 (arm-11.14)) 
COMPILER_PATH=/home/hkd/Downloads/orangepi-build-next/toolchains/gcc-arm-11.2-2022.02-x86_64-aarch64-none-linux-gnu/bin/../libexec/gcc/aarch64-none-linux-gnu/11.2.1/:/home/hkd/Downloads/orangepi-build-next/toolchains/gcc-arm-11.2-2022.02-x86_64-aarch64-none-linux-gnu/bin/../libexec/gcc/:/home/hkd/Downloads/orangepi-build-next/toolchains/gcc-arm-11.2-2022.02-x86_64-aarch64-none-linux-gnu/bin/../lib/gcc/aarch64-none-linux-gnu/11.2.1/../../../../aarch64-none-linux-gnu/bin/
LIBRARY_PATH=/home/hkd/Downloads/orangepi-build-next/toolchains/gcc-arm-11.2-2022.02-x86_64-aarch64-none-linux-gnu/bin/../lib/gcc/aarch64-none-linux-gnu/11.2.1/:/home/hkd/Downloads/orangepi-build-next/toolchains/gcc-arm-11.2-2022.02-x86_64-aarch64-none-linux-gnu/bin/../lib/gcc/:/home/hkd/Downloads/orangepi-build-next/toolchains/gcc-arm-11.2-2022.02-x86_64-aarch64-none-linux-gnu/bin/../lib/gcc/aarch64-none-linux-gnu/11.2.1/../../../../aarch64-none-linux-gnu/lib/../lib64/:/home/hkd/Downloads/orangepi-build-next/toolchains/gcc-arm-11.2-2022.02-x86_64-aarch64-none-linux-gnu/bin/../aarch64-none-linux-gnu/libc/lib/../lib64/:/home/hkd/Downloads/orangepi-build-next/toolchains/gcc-arm-11.2-2022.02-x86_64-aarch64-none-linux-gnu/bin/../aarch64-none-linux-gnu/libc/usr/lib/../lib64/:/home/hkd/Downloads/orangepi-build-next/toolchains/gcc-arm-11.2-2022.02-x86_64-aarch64-none-linux-gnu/bin/../lib/gcc/aarch64-none-linux-gnu/11.2.1/../../../../aarch64-none-linux-gnu/lib/:/home/hkd/Downloads/orangepi-build-next/toolchains/gcc-arm-11.2-2022.02-x86_64-aarch64-none-linux-gnu/bin/../aarch64-none-linux-gnu/libc/lib/:/home/hkd/Downloads/orangepi-build-next/toolchains/gcc-arm-11.2-2022.02-x86_64-aarch64-none-linux-gnu/bin/../aarch64-none-linux-gnu/libc/usr/lib/
Reading specs from /home/hkd/Downloads/orangepi-build-next/toolchains/gcc-arm-11.2-2022.02-x86_64-aarch64-none-linux-gnu/bin/../lib/gcc/aarch64-none-linux-gnu/11.2.1/../../../../aarch64-none-linux-gnu/lib/../lib64/libgomp.spec
COLLECT_GCC_OPTIONS='-Wall' '-Werror' '-O2' '-g' '-fopenmp' '-v' '-o' 'cmTC_3478c' '-v' '-mlittle-endian' '-mabi=lp64' '-pthread' '-dumpdir' 'cmTC_3478c.'
 /home/hkd/Downloads/orangepi-build-next/toolchains/gcc-arm-11.2-2022.02-x86_64-aarch64-none-linux-gnu/bin/../libexec/gcc/aarch64-none-linux-gnu/11.2.1/collect2 -plugin /home/hkd/Downloads/orangepi-build-next/toolchains/gcc-arm-11.2-2022.02-x86_64-aarch64-none-linux-gnu/bin/../libexec/gcc/aarch64-none-linux-gnu/11.2.1/liblto_plugin.so -plugin-opt=/home/hkd/Downloads/orangepi-build-next/toolchains/gcc-arm-11.2-2022.02-x86_64-aarch64-none-linux-gnu/bin/../libexec/gcc/aarch64-none-linux-gnu/11.2.1/lto-wrapper -plugin-opt=-fresolution=/tmp/cc9eBQJ0.res -plugin-opt=-pass-through=-lgcc -plugin-opt=-pass-through=-lgcc_s -plugin-opt=-pass-through=-lpthread -plugin-opt=-pass-through=-lc -plugin-opt=-pass-through=-lgcc -plugin-opt=-pass-through=-lgcc_s --sysroot=/home/hkd/Downloads/orangepi-build-next/toolchains/gcc-arm-11.2-2022.02-x86_64-aarch64-none-linux-gnu/bin/../aarch64-none-linux-gnu/libc --eh-frame-hdr -dynamic-linker /lib/ld-linux-aarch64.so.1 -X -EL -maarch64linux --fix-cortex-a53-843419 -o cmTC_3478c /home/hkd/Downloads/orangepi-build-next/toolchains/gcc-arm-11.2-2022.02-x86_64-aarch64-none-linux-gnu/bin/../aarch64-none-linux-gnu/libc/usr/lib/../lib64/crt1.o /home/hkd/Downloads/orangepi-build-next/toolchains/gcc-arm-11.2-2022.02-x86_64-aarch64-none-linux-gnu/bin/../aarch64-none-linux-gnu/libc/usr/lib/../lib64/crti.o /home/hkd/Downloads/orangepi-build-next/toolchains/gcc-arm-11.2-2022.02-x86_64-aarch64-none-linux-gnu/bin/../lib/gcc/aarch64-none-linux-gnu/11.2.1/crtbegin.o -L/home/hkd/Downloads/orangepi-build-next/toolchains/gcc-arm-11.2-2022.02-x86_64-aarch64-none-linux-gnu/bin/../lib/gcc/aarch64-none-linux-gnu/11.2.1 -L/home/hkd/Downloads/orangepi-build-next/toolchains/gcc-arm-11.2-2022.02-x86_64-aarch64-none-linux-gnu/bin/../lib/gcc -L/home/hkd/Downloads/orangepi-build-next/toolchains/gcc-arm-11.2-2022.02-x86_64-aarch64-none-linux-gnu/bin/../lib/gcc/aarch64-none-linux-gnu/11.2.1/../../../../aarch64-none-linux-gnu/lib/../lib64 -L/home/hkd/Downloads/orangepi-build-next/toolchains/gcc-arm-11.2-2022.02-x86_64-aarch64-none-linux-gnu/bin/../aarch64-none-linux-gnu/libc/lib/../lib64 -L/home/hkd/Downloads/orangepi-build-next/toolchains/gcc-arm-11.2-2022.02-x86_64-aarch64-none-linux-gnu/bin/../aarch64-none-linux-gnu/libc/usr/lib/../lib64 -L/home/hkd/Downloads/orangepi-build-next/toolchains/gcc-arm-11.2-2022.02-x86_64-aarch64-none-linux-gnu/bin/../lib/gcc/aarch64-none-linux-gnu/11.2.1/../../../../aarch64-none-linux-gnu/lib -L/home/hkd/Downloads/orangepi-build-next/toolchains/gcc-arm-11.2-2022.02-x86_64-aarch64-none-linux-gnu/bin/../aarch64-none-linux-gnu/libc/lib -L/home/hkd/Downloads/orangepi-build-next/toolchains/gcc-arm-11.2-2022.02-x86_64-aarch64-none-linux-gnu/bin/../aarch64-none-linux-gnu/libc/usr/lib CMakeFiles/cmTC_3478c.dir/OpenMPTryFlag.c.o -lgomp -lgcc --push-state --as-needed -lgcc_s --pop-state -lpthread -lc -lgcc --push-state --as-needed -lgcc_s --pop-state /home/hkd/Downloads/orangepi-build-next/toolchains/gcc-arm-11.2-2022.02-x86_64-aarch64-none-linux-gnu/bin/../lib/gcc/aarch64-none-linux-gnu/11.2.1/crtend.o /home/hkd/Downloads/orangepi-build-next/toolchains/gcc-arm-11.2-2022.02-x86_64-aarch64-none-linux-gnu/bin/../aarch64-none-linux-gnu/libc/usr/lib/../lib64/crtn.o
COLLECT_GCC_OPTIONS='-Wall' '-Werror' '-O2' '-g' '-fopenmp' '-v' '-o' 'cmTC_3478c' '-v' '-mlittle-endian' '-mabi=lp64' '-pthread' '-dumpdir' 'cmTC_3478c.'
gmake[1]: Leaving directory '/home/hkd/Desktop/ncnn_video/build/CMakeFiles/CMakeTmp'



Parsed C OpenMP implicit link information from above output:
  link line regex: [^( *|.*[/\])(aarch64-none-linux-gnu-ld|CMAKE_LINK_STARTFILE-NOTFOUND|([^/\]+-)?ld|collect2)[^/\]*( |$)]
  ignore line: [Change Dir: /home/hkd/Desktop/ncnn_video/build/CMakeFiles/CMakeTmp]
  ignore line: []
  ignore line: [Run Build Command(s):/usr/bin/gmake -f Makefile cmTC_3478c/fast && /usr/bin/gmake  -f CMakeFiles/cmTC_3478c.dir/build.make CMakeFiles/cmTC_3478c.dir/build]
  ignore line: [gmake[1]: Entering directory '/home/hkd/Desktop/ncnn_video/build/CMakeFiles/CMakeTmp']
  ignore line: [Building C object CMakeFiles/cmTC_3478c.dir/OpenMPTryFlag.c.o]
  ignore line: [/home/hkd/Downloads/orangepi-build-next/toolchains/gcc-arm-11.2-2022.02-x86_64-aarch64-none-linux-gnu/bin/aarch64-none-linux-gnu-gcc   -Wall -Werror -O2 -g -fopenmp -v -std=gnu11 -o CMakeFiles/cmTC_3478c.dir/OpenMPTryFlag.c.o -c /home/hkd/Desktop/ncnn_video/build/CMakeFiles/FindOpenMP/OpenMPTryFlag.c]
  ignore line: [Using built-in specs.]
  ignore line: [COLLECT_GCC=/home/hkd/Downloads/orangepi-build-next/toolchains/gcc-arm-11.2-2022.02-x86_64-aarch64-none-linux-gnu/bin/aarch64-none-linux-gnu-gcc]
  ignore line: [Target: aarch64-none-linux-gnu]
  ignore line: [Configured with: /data/jenkins/workspace/GNU-toolchain/arm-11/src/gcc/configure --target=aarch64-none-linux-gnu --prefix= --with-sysroot=/aarch64-none-linux-gnu/libc --with-build-sysroot=/data/jenkins/workspace/GNU-toolchain/arm-11/build-aarch64-none-linux-gnu/install//aarch64-none-linux-gnu/libc --with-bugurl=https://bugs.linaro.org/ --enable-gnu-indirect-function --enable-shared --disable-libssp --disable-libmudflap --enable-checking=release --enable-languages=c c++ fortran --with-gmp=/data/jenkins/workspace/GNU-toolchain/arm-11/build-aarch64-none-linux-gnu/host-tools --with-mpfr=/data/jenkins/workspace/GNU-toolchain/arm-11/build-aarch64-none-linux-gnu/host-tools --with-mpc=/data/jenkins/workspace/GNU-toolchain/arm-11/build-aarch64-none-linux-gnu/host-tools --with-isl=/data/jenkins/workspace/GNU-toolchain/arm-11/build-aarch64-none-linux-gnu/host-tools --enable-fix-cortex-a53-843419 --with-pkgversion='GNU Toolchain for the Arm Architecture 11.2-2022.02 (arm-11.14)']
  ignore line: [Thread model: posix]
  ignore line: [Supported LTO compression algorithms: zlib]
  ignore line: [gcc version 11.2.1 20220111 (GNU Toolchain for the Arm Architecture 11.2-2022.02 (arm-11.14)) ]
  ignore line: [COLLECT_GCC_OPTIONS='-Wall' '-Werror' '-O2' '-g' '-fopenmp' '-v' '-std=gnu11' '-o' 'CMakeFiles/cmTC_3478c.dir/OpenMPTryFlag.c.o' '-c' '-mlittle-endian' '-mabi=lp64' '-pthread' '-dumpdir' 'CMakeFiles/cmTC_3478c.dir/']
  ignore line: [ /home/hkd/Downloads/orangepi-build-next/toolchains/gcc-arm-11.2-2022.02-x86_64-aarch64-none-linux-gnu/bin/../libexec/gcc/aarch64-none-linux-gnu/11.2.1/cc1 -quiet -v -iprefix /home/hkd/Downloads/orangepi-build-next/toolchains/gcc-arm-11.2-2022.02-x86_64-aarch64-none-linux-gnu/bin/../lib/gcc/aarch64-none-linux-gnu/11.2.1/ -isysroot /home/hkd/Downloads/orangepi-build-next/toolchains/gcc-arm-11.2-2022.02-x86_64-aarch64-none-linux-gnu/bin/../aarch64-none-linux-gnu/libc -D_REENTRANT /home/hkd/Desktop/ncnn_video/build/CMakeFiles/FindOpenMP/OpenMPTryFlag.c -quiet -dumpdir CMakeFiles/cmTC_3478c.dir/ -dumpbase OpenMPTryFlag.c.c -dumpbase-ext .c -mlittle-endian -mabi=lp64 -g -O2 -Wall -Werror -std=gnu11 -version -fopenmp -o /tmp/ccHf2RI7.s]
  ignore line: [GNU C11 (GNU Toolchain for the Arm Architecture 11.2-2022.02 (arm-11.14)) version 11.2.1 20220111 (aarch64-none-linux-gnu)]
  ignore line: [	compiled by GNU C version 4.8.5 20150623 (Red Hat 4.8.5-44)  GMP version 6.2.1  MPFR version 3.1.6  MPC version 1.0.3  isl version isl-0.15-1-g835ea3a-GMP]
  ignore line: []
  ignore line: [GGC heuristics: --param ggc-min-expand=100 --param ggc-min-heapsize=131072]
  ignore line: [ignoring duplicate directory "/home/hkd/Downloads/orangepi-build-next/toolchains/gcc-arm-11.2-2022.02-x86_64-aarch64-none-linux-gnu/bin/../lib/gcc/../../lib/gcc/aarch64-none-linux-gnu/11.2.1/include"]
  ignore line: [ignoring nonexistent directory "/home/hkd/Downloads/orangepi-build-next/toolchains/gcc-arm-11.2-2022.02-x86_64-aarch64-none-linux-gnu/bin/../aarch64-none-linux-gnu/libc/usr/local/include"]
  ignore line: [ignoring duplicate directory "/home/hkd/Downloads/orangepi-build-next/toolchains/gcc-arm-11.2-2022.02-x86_64-aarch64-none-linux-gnu/bin/../lib/gcc/../../lib/gcc/aarch64-none-linux-gnu/11.2.1/include-fixed"]
  ignore line: [ignoring duplicate directory "/home/hkd/Downloads/orangepi-build-next/toolchains/gcc-arm-11.2-2022.02-x86_64-aarch64-none-linux-gnu/bin/../lib/gcc/../../lib/gcc/aarch64-none-linux-gnu/11.2.1/../../../../aarch64-none-linux-gnu/include"]
  ignore line: [#include "..." search starts here:]
  ignore line: [#include <...> search starts here:]
  ignore line: [ /home/hkd/Downloads/orangepi-build-next/toolchains/gcc-arm-11.2-2022.02-x86_64-aarch64-none-linux-gnu/bin/../lib/gcc/aarch64-none-linux-gnu/11.2.1/include]
  ignore line: [ /home/hkd/Downloads/orangepi-build-next/toolchains/gcc-arm-11.2-2022.02-x86_64-aarch64-none-linux-gnu/bin/../lib/gcc/aarch64-none-linux-gnu/11.2.1/include-fixed]
  ignore line: [ /home/hkd/Downloads/orangepi-build-next/toolchains/gcc-arm-11.2-2022.02-x86_64-aarch64-none-linux-gnu/bin/../lib/gcc/aarch64-none-linux-gnu/11.2.1/../../../../aarch64-none-linux-gnu/include]
  ignore line: [ /home/hkd/Downloads/orangepi-build-next/toolchains/gcc-arm-11.2-2022.02-x86_64-aarch64-none-linux-gnu/bin/../aarch64-none-linux-gnu/libc/usr/include]
  ignore line: [End of search list.]
  ignore line: [GNU C11 (GNU Toolchain for the Arm Architecture 11.2-2022.02 (arm-11.14)) version 11.2.1 20220111 (aarch64-none-linux-gnu)]
  ignore line: [	compiled by GNU C version 4.8.5 20150623 (Red Hat 4.8.5-44)  GMP version 6.2.1  MPFR version 3.1.6  MPC version 1.0.3  isl version isl-0.15-1-g835ea3a-GMP]
  ignore line: []
  ignore line: [GGC heuristics: --param ggc-min-expand=100 --param ggc-min-heapsize=131072]
  ignore line: [Compiler executable checksum: 828328e97aaac243e4f3ffd92b3aef1b]
  ignore line: [COLLECT_GCC_OPTIONS='-Wall' '-Werror' '-O2' '-g' '-fopenmp' '-v' '-std=gnu11' '-o' 'CMakeFiles/cmTC_3478c.dir/OpenMPTryFlag.c.o' '-c' '-mlittle-endian' '-mabi=lp64' '-pthread' '-dumpdir' 'CMakeFiles/cmTC_3478c.dir/']
  ignore line: [ /home/hkd/Downloads/orangepi-build-next/toolchains/gcc-arm-11.2-2022.02-x86_64-aarch64-none-linux-gnu/bin/../lib/gcc/aarch64-none-linux-gnu/11.2.1/../../../../aarch64-none-linux-gnu/bin/as -v --gdwarf-5 -EL -mabi=lp64 -o CMakeFiles/cmTC_3478c.dir/OpenMPTryFlag.c.o /tmp/ccHf2RI7.s]
  ignore line: [GNU assembler version 2.37 (aarch64-none-linux-gnu) using BFD version (GNU Toolchain for the Arm Architecture 11.2-2022.02 (arm-11.14)) 2.37.20220122]
  ignore line: [COMPILER_PATH=/home/hkd/Downloads/orangepi-build-next/toolchains/gcc-arm-11.2-2022.02-x86_64-aarch64-none-linux-gnu/bin/../libexec/gcc/aarch64-none-linux-gnu/11.2.1/:/home/hkd/Downloads/orangepi-build-next/toolchains/gcc-arm-11.2-2022.02-x86_64-aarch64-none-linux-gnu/bin/../libexec/gcc/:/home/hkd/Downloads/orangepi-build-next/toolchains/gcc-arm-11.2-2022.02-x86_64-aarch64-none-linux-gnu/bin/../lib/gcc/aarch64-none-linux-gnu/11.2.1/../../../../aarch64-none-linux-gnu/bin/]
  ignore line: [LIBRARY_PATH=/home/hkd/Downloads/orangepi-build-next/toolchains/gcc-arm-11.2-2022.02-x86_64-aarch64-none-linux-gnu/bin/../lib/gcc/aarch64-none-linux-gnu/11.2.1/:/home/hkd/Downloads/orangepi-build-next/toolchains/gcc-arm-11.2-2022.02-x86_64-aarch64-none-linux-gnu/bin/../lib/gcc/:/home/hkd/Downloads/orangepi-build-next/toolchains/gcc-arm-11.2-2022.02-x86_64-aarch64-none-linux-gnu/bin/../lib/gcc/aarch64-none-linux-gnu/11.2.1/../../../../aarch64-none-linux-gnu/lib/../lib64/:/home/hkd/Downloads/orangepi-build-next/toolchains/gcc-arm-11.2-2022.02-x86_64-aarch64-none-linux-gnu/bin/../aarch64-none-linux-gnu/libc/lib/../lib64/:/home/hkd/Downloads/orangepi-build-next/toolchains/gcc-arm-11.2-2022.02-x86_64-aarch64-none-linux-gnu/bin/../aarch64-none-linux-gnu/libc/usr/lib/../lib64/:/home/hkd/Downloads/orangepi-build-next/toolchains/gcc-arm-11.2-2022.02-x86_64-aarch64-none-linux-gnu/bin/../lib/gcc/aarch64-none-linux-gnu/11.2.1/../../../../aarch64-none-linux-gnu/lib/:/home/hkd/Downloads/orangepi-build-next/toolchains/gcc-arm-11.2-2022.02-x86_64-aarch64-none-linux-gnu/bin/../aarch64-none-linux-gnu/libc/lib/:/home/hkd/Downloads/orangepi-build-next/toolchains/gcc-arm-11.2-2022.02-x86_64-aarch64-none-linux-gnu/bin/../aarch64-none-linux-gnu/libc/usr/lib/]
  ignore line: [COLLECT_GCC_OPTIONS='-Wall' '-Werror' '-O2' '-g' '-fopenmp' '-v' '-std=gnu11' '-o' 'CMakeFiles/cmTC_3478c.dir/OpenMPTryFlag.c.o' '-c' '-mlittle-endian' '-mabi=lp64' '-pthread' '-dumpdir' 'CMakeFiles/cmTC_3478c.dir/OpenMPTryFlag.c.']
  ignore line: [Linking C executable cmTC_3478c]
  ignore line: [/usr/bin/cmake -E cmake_link_script CMakeFiles/cmTC_3478c.dir/link.txt --verbose=1]
  ignore line: [/home/hkd/Downloads/orangepi-build-next/toolchains/gcc-arm-11.2-2022.02-x86_64-aarch64-none-linux-gnu/bin/aarch64-none-linux-gnu-gcc -Wall -Werror -O2 -g -fopenmp -v CMakeFiles/cmTC_3478c.dir/OpenMPTryFlag.c.o -o cmTC_3478c  -v ]
  ignore line: [Using built-in specs.]
  ignore line: [COLLECT_GCC=/home/hkd/Downloads/orangepi-build-next/toolchains/gcc-arm-11.2-2022.02-x86_64-aarch64-none-linux-gnu/bin/aarch64-none-linux-gnu-gcc]
  ignore line: [COLLECT_LTO_WRAPPER=/home/hkd/Downloads/orangepi-build-next/toolchains/gcc-arm-11.2-2022.02-x86_64-aarch64-none-linux-gnu/bin/../libexec/gcc/aarch64-none-linux-gnu/11.2.1/lto-wrapper]
  ignore line: [Target: aarch64-none-linux-gnu]
  ignore line: [Configured with: /data/jenkins/workspace/GNU-toolchain/arm-11/src/gcc/configure --target=aarch64-none-linux-gnu --prefix= --with-sysroot=/aarch64-none-linux-gnu/libc --with-build-sysroot=/data/jenkins/workspace/GNU-toolchain/arm-11/build-aarch64-none-linux-gnu/install//aarch64-none-linux-gnu/libc --with-bugurl=https://bugs.linaro.org/ --enable-gnu-indirect-function --enable-shared --disable-libssp --disable-libmudflap --enable-checking=release --enable-languages=c c++ fortran --with-gmp=/data/jenkins/workspace/GNU-toolchain/arm-11/build-aarch64-none-linux-gnu/host-tools --with-mpfr=/data/jenkins/workspace/GNU-toolchain/arm-11/build-aarch64-none-linux-gnu/host-tools --with-mpc=/data/jenkins/workspace/GNU-toolchain/arm-11/build-aarch64-none-linux-gnu/host-tools --with-isl=/data/jenkins/workspace/GNU-toolchain/arm-11/build-aarch64-none-linux-gnu/host-tools --enable-fix-cortex-a53-843419 --with-pkgversion='GNU Toolchain for the Arm Architecture 11.2-2022.02 (arm-11.14)']
  ignore line: [Thread model: posix]
  ignore line: [Supported LTO compression algorithms: zlib]
  ignore line: [gcc version 11.2.1 20220111 (GNU Toolchain for the Arm Architecture 11.2-2022.02 (arm-11.14)) ]
  ignore line: [COMPILER_PATH=/home/hkd/Downloads/orangepi-build-next/toolchains/gcc-arm-11.2-2022.02-x86_64-aarch64-none-linux-gnu/bin/../libexec/gcc/aarch64-none-linux-gnu/11.2.1/:/home/hkd/Downloads/orangepi-build-next/toolchains/gcc-arm-11.2-2022.02-x86_64-aarch64-none-linux-gnu/bin/../libexec/gcc/:/home/hkd/Downloads/orangepi-build-next/toolchains/gcc-arm-11.2-2022.02-x86_64-aarch64-none-linux-gnu/bin/../lib/gcc/aarch64-none-linux-gnu/11.2.1/../../../../aarch64-none-linux-gnu/bin/]
  ignore line: [LIBRARY_PATH=/home/hkd/Downloads/orangepi-build-next/toolchains/gcc-arm-11.2-2022.02-x86_64-aarch64-none-linux-gnu/bin/../lib/gcc/aarch64-none-linux-gnu/11.2.1/:/home/hkd/Downloads/orangepi-build-next/toolchains/gcc-arm-11.2-2022.02-x86_64-aarch64-none-linux-gnu/bin/../lib/gcc/:/home/hkd/Downloads/orangepi-build-next/toolchains/gcc-arm-11.2-2022.02-x86_64-aarch64-none-linux-gnu/bin/../lib/gcc/aarch64-none-linux-gnu/11.2.1/../../../../aarch64-none-linux-gnu/lib/../lib64/:/home/hkd/Downloads/orangepi-build-next/toolchains/gcc-arm-11.2-2022.02-x86_64-aarch64-none-linux-gnu/bin/../aarch64-none-linux-gnu/libc/lib/../lib64/:/home/hkd/Downloads/orangepi-build-next/toolchains/gcc-arm-11.2-2022.02-x86_64-aarch64-none-linux-gnu/bin/../aarch64-none-linux-gnu/libc/usr/lib/../lib64/:/home/hkd/Downloads/orangepi-build-next/toolchains/gcc-arm-11.2-2022.02-x86_64-aarch64-none-linux-gnu/bin/../lib/gcc/aarch64-none-linux-gnu/11.2.1/../../../../aarch64-none-linux-gnu/lib/:/home/hkd/Downloads/orangepi-build-next/toolchains/gcc-arm-11.2-2022.02-x86_64-aarch64-none-linux-gnu/bin/../aarch64-none-linux-gnu/libc/lib/:/home/hkd/Downloads/orangepi-build-next/toolchains/gcc-arm-11.2-2022.02-x86_64-aarch64-none-linux-gnu/bin/../aarch64-none-linux-gnu/libc/usr/lib/]
  ignore line: [Reading specs from /home/hkd/Downloads/orangepi-build-next/toolchains/gcc-arm-11.2-2022.02-x86_64-aarch64-none-linux-gnu/bin/../lib/gcc/aarch64-none-linux-gnu/11.2.1/../../../../aarch64-none-linux-gnu/lib/../lib64/libgomp.spec]
  ignore line: [COLLECT_GCC_OPTIONS='-Wall' '-Werror' '-O2' '-g' '-fopenmp' '-v' '-o' 'cmTC_3478c' '-v' '-mlittle-endian' '-mabi=lp64' '-pthread' '-dumpdir' 'cmTC_3478c.']
  link line: [ /home/hkd/Downloads/orangepi-build-next/toolchains/gcc-arm-11.2-2022.02-x86_64-aarch64-none-linux-gnu/bin/../libexec/gcc/aarch64-none-linux-gnu/11.2.1/collect2 -plugin /home/hkd/Downloads/orangepi-build-next/toolchains/gcc-arm-11.2-2022.02-x86_64-aarch64-none-linux-gnu/bin/../libexec/gcc/aarch64-none-linux-gnu/11.2.1/liblto_plugin.so -plugin-opt=/home/hkd/Downloads/orangepi-build-next/toolchains/gcc-arm-11.2-2022.02-x86_64-aarch64-none-linux-gnu/bin/../libexec/gcc/aarch64-none-linux-gnu/11.2.1/lto-wrapper -plugin-opt=-fresolution=/tmp/cc9eBQJ0.res -plugin-opt=-pass-through=-lgcc -plugin-opt=-pass-through=-lgcc_s -plugin-opt=-pass-through=-lpthread -plugin-opt=-pass-through=-lc -plugin-opt=-pass-through=-lgcc -plugin-opt=-pass-through=-lgcc_s --sysroot=/home/hkd/Downloads/orangepi-build-next/toolchains/gcc-arm-11.2-2022.02-x86_64-aarch64-none-linux-gnu/bin/../aarch64-none-linux-gnu/libc --eh-frame-hdr -dynamic-linker /lib/ld-linux-aarch64.so.1 -X -EL -maarch64linux --fix-cortex-a53-843419 -o cmTC_3478c /home/hkd/Downloads/orangepi-build-next/toolchains/gcc-arm-11.2-2022.02-x86_64-aarch64-none-linux-gnu/bin/../aarch64-none-linux-gnu/libc/usr/lib/../lib64/crt1.o /home/hkd/Downloads/orangepi-build-next/toolchains/gcc-arm-11.2-2022.02-x86_64-aarch64-none-linux-gnu/bin/../aarch64-none-linux-gnu/libc/usr/lib/../lib64/crti.o /home/hkd/Downloads/orangepi-build-next/toolchains/gcc-arm-11.2-2022.02-x86_64-aarch64-none-linux-gnu/bin/../lib/gcc/aarch64-none-linux-gnu/11.2.1/crtbegin.o -L/home/hkd/Downloads/orangepi-build-next/toolchains/gcc-arm-11.2-2022.02-x86_64-aarch64-none-linux-gnu/bin/../lib/gcc/aarch64-none-linux-gnu/11.2.1 -L/home/hkd/Downloads/orangepi-build-next/toolchains/gcc-arm-11.2-2022.02-x86_64-aarch64-none-linux-gnu/bin/../lib/gcc -L/home/hkd/Downloads/orangepi-build-next/toolchains/gcc-arm-11.2-2022.02-x86_64-aarch64-none-linux-gnu/bin/../lib/gcc/aarch64-none-linux-gnu/11.2.1/../../../../aarch64-none-linux-gnu/lib/../lib64 -L/home/hkd/Downloads/orangepi-build-next/toolchains/gcc-arm-11.2-2022.02-x86_64-aarch64-none-linux-gnu/bin/../aarch64-none-linux-gnu/libc/lib/../lib64 -L/home/hkd/Downloads/orangepi-build-next/toolchains/gcc-arm-11.2-2022.02-x86_64-aarch64-none-linux-gnu/bin/../aarch64-none-linux-gnu/libc/usr/lib/../lib64 -L/home/hkd/Downloads/orangepi-build-next/toolchains/gcc-arm-11.2-2022.02-x86_64-aarch64-none-linux-gnu/bin/../lib/gcc/aarch64-none-linux-gnu/11.2.1/../../../../aarch64-none-linux-gnu/lib -L/home/hkd/Downloads/orangepi-build-next/toolchains/gcc-arm-11.2-2022.02-x86_64-aarch64-none-linux-gnu/bin/../aarch64-none-linux-gnu/libc/lib -L/home/hkd/Downloads/orangepi-build-next/toolchains/gcc-arm-11.2-2022.02-x86_64-aarch64-none-linux-gnu/bin/../aarch64-none-linux-gnu/libc/usr/lib CMakeFiles/cmTC_3478c.dir/OpenMPTryFlag.c.o -lgomp -lgcc --push-state --as-needed -lgcc_s --pop-state -lpthread -lc -lgcc --push-state --as-needed -lgcc_s --pop-state /home/hkd/Downloads/orangepi-build-next/toolchains/gcc-arm-11.2-2022.02-x86_64-aarch64-none-linux-gnu/bin/../lib/gcc/aarch64-none-linux-gnu/11.2.1/crtend.o /home/hkd/Downloads/orangepi-build-next/toolchains/gcc-arm-11.2-2022.02-x86_64-aarch64-none-linux-gnu/bin/../aarch64-none-linux-gnu/libc/usr/lib/../lib64/crtn.o]
    arg [/home/hkd/Downloads/orangepi-build-next/toolchains/gcc-arm-11.2-2022.02-x86_64-aarch64-none-linux-gnu/bin/../libexec/gcc/aarch64-none-linux-gnu/11.2.1/collect2] ==> ignore
    arg [-plugin] ==> ignore
    arg [/home/hkd/Downloads/orangepi-build-next/toolchains/gcc-arm-11.2-2022.02-x86_64-aarch64-none-linux-gnu/bin/../libexec/gcc/aarch64-none-linux-gnu/11.2.1/liblto_plugin.so] ==> ignore
    arg [-plugin-opt=/home/hkd/Downloads/orangepi-build-next/toolchains/gcc-arm-11.2-2022.02-x86_64-aarch64-none-linux-gnu/bin/../libexec/gcc/aarch64-none-linux-gnu/11.2.1/lto-wrapper] ==> ignore
    arg [-plugin-opt=-fresolution=/tmp/cc9eBQJ0.res] ==> ignore
    arg [-plugin-opt=-pass-through=-lgcc] ==> ignore
    arg [-plugin-opt=-pass-through=-lgcc_s] ==> ignore
    arg [-plugin-opt=-pass-through=-lpthread] ==> ignore
    arg [-plugin-opt=-pass-through=-lc] ==> ignore
    arg [-plugin-opt=-pass-through=-lgcc] ==> ignore
    arg [-plugin-opt=-pass-through=-lgcc_s] ==> ignore
    arg [--sysroot=/home/hkd/Downloads/orangepi-build-next/toolchains/gcc-arm-11.2-2022.02-x86_64-aarch64-none-linux-gnu/bin/../aarch64-none-linux-gnu/libc] ==> ignore
    arg [--eh-frame-hdr] ==> ignore
    arg [-dynamic-linker] ==> ignore
    arg [/lib/ld-linux-aarch64.so.1] ==> ignore
    arg [-X] ==> ignore
    arg [-EL] ==> ignore
    arg [-maarch64linux] ==> ignore
    arg [--fix-cortex-a53-843419] ==> ignore
    arg [-o] ==> ignore
    arg [cmTC_3478c] ==> ignore
    arg [-L/home/hkd/Downloads/orangepi-build-next/toolchains/gcc-arm-11.2-2022.02-x86_64-aarch64-none-linux-gnu/bin/../lib/gcc/aarch64-none-linux-gnu/11.2.1] ==> dir [/home/hkd/Downloads/orangepi-build-next/toolchains/gcc-arm-11.2-2022.02-x86_64-aarch64-none-linux-gnu/bin/../lib/gcc/aarch64-none-linux-gnu/11.2.1]
    arg [-L/home/hkd/Downloads/orangepi-build-next/toolchains/gcc-arm-11.2-2022.02-x86_64-aarch64-none-linux-gnu/bin/../lib/gcc] ==> dir [/home/hkd/Downloads/orangepi-build-next/toolchains/gcc-arm-11.2-2022.02-x86_64-aarch64-none-linux-gnu/bin/../lib/gcc]
    arg [-L/home/hkd/Downloads/orangepi-build-next/toolchains/gcc-arm-11.2-2022.02-x86_64-aarch64-none-linux-gnu/bin/../lib/gcc/aarch64-none-linux-gnu/11.2.1/../../../../aarch64-none-linux-gnu/lib/../lib64] ==> dir [/home/hkd/Downloads/orangepi-build-next/toolchains/gcc-arm-11.2-2022.02-x86_64-aarch64-none-linux-gnu/bin/../lib/gcc/aarch64-none-linux-gnu/11.2.1/../../../../aarch64-none-linux-gnu/lib/../lib64]
    arg [-L/home/hkd/Downloads/orangepi-build-next/toolchains/gcc-arm-11.2-2022.02-x86_64-aarch64-none-linux-gnu/bin/../aarch64-none-linux-gnu/libc/lib/../lib64] ==> dir [/home/hkd/Downloads/orangepi-build-next/toolchains/gcc-arm-11.2-2022.02-x86_64-aarch64-none-linux-gnu/bin/../aarch64-none-linux-gnu/libc/lib/../lib64]
    arg [-L/home/hkd/Downloads/orangepi-build-next/toolchains/gcc-arm-11.2-2022.02-x86_64-aarch64-none-linux-gnu/bin/../aarch64-none-linux-gnu/libc/usr/lib/../lib64] ==> dir [/home/hkd/Downloads/orangepi-build-next/toolchains/gcc-arm-11.2-2022.02-x86_64-aarch64-none-linux-gnu/bin/../aarch64-none-linux-gnu/libc/usr/lib/../lib64]
    arg [-L/home/hkd/Downloads/orangepi-build-next/toolchains/gcc-arm-11.2-2022.02-x86_64-aarch64-none-linux-gnu/bin/../lib/gcc/aarch64-none-linux-gnu/11.2.1/../../../../aarch64-none-linux-gnu/lib] ==> dir [/home/hkd/Downloads/orangepi-build-next/toolchains/gcc-arm-11.2-2022.02-x86_64-aarch64-none-linux-gnu/bin/../lib/gcc/aarch64-none-linux-gnu/11.2.1/../../../../aarch64-none-linux-gnu/lib]
    arg [-L/home/hkd/Downloads/orangepi-build-next/toolchains/gcc-arm-11.2-2022.02-x86_64-aarch64-none-linux-gnu/bin/../aarch64-none-linux-gnu/libc/lib] ==> dir [/home/hkd/Downloads/orangepi-build-next/toolchains/gcc-arm-11.2-2022.02-x86_64-aarch64-none-linux-gnu/bin/../aarch64-none-linux-gnu/libc/lib]
    arg [-L/home/hkd/Downloads/orangepi-build-next/toolchains/gcc-arm-11.2-2022.02-x86_64-aarch64-none-linux-gnu/bin/../aarch64-none-linux-gnu/libc/usr/lib] ==> dir [/home/hkd/Downloads/orangepi-build-next/toolchains/gcc-arm-11.2-2022.02-x86_64-aarch64-none-linux-gnu/bin/../aarch64-none-linux-gnu/libc/usr/lib]
    arg [CMakeFiles/cmTC_3478c.dir/OpenMPTryFlag.c.o] ==> ignore
    arg [-lgomp] ==> lib [gomp]
    arg [-lgcc] ==> lib [gcc]
    arg [--push-state] ==> ignore
    arg [--as-needed] ==> ignore
    arg [-lgcc_s] ==> lib [gcc_s]
    arg [--pop-state] ==> ignore
    arg [-lpthread] ==> lib [pthread]
    arg [-lc] ==> lib [c]
    arg [-lgcc] ==> lib [gcc]
    arg [--push-state] ==> ignore
    arg [--as-needed] ==> ignore
    arg [-lgcc_s] ==> lib [gcc_s]
    arg [--pop-state] ==> ignore
  collapse library dir [/home/hkd/Downloads/orangepi-build-next/toolchains/gcc-arm-11.2-2022.02-x86_64-aarch64-none-linux-gnu/bin/../lib/gcc/aarch64-none-linux-gnu/11.2.1] ==> [/home/hkd/Downloads/orangepi-build-next/toolchains/gcc-arm-11.2-2022.02-x86_64-aarch64-none-linux-gnu/lib/gcc/aarch64-none-linux-gnu/11.2.1]
  collapse library dir [/home/hkd/Downloads/orangepi-build-next/toolchains/gcc-arm-11.2-2022.02-x86_64-aarch64-none-linux-gnu/bin/../lib/gcc] ==> [/home/hkd/Downloads/orangepi-build-next/toolchains/gcc-arm-11.2-2022.02-x86_64-aarch64-none-linux-gnu/lib/gcc]
  collapse library dir [/home/hkd/Downloads/orangepi-build-next/toolchains/gcc-arm-11.2-2022.02-x86_64-aarch64-none-linux-gnu/bin/../lib/gcc/aarch64-none-linux-gnu/11.2.1/../../../../aarch64-none-linux-gnu/lib/../lib64] ==> [/home/hkd/Downloads/orangepi-build-next/toolchains/gcc-arm-11.2-2022.02-x86_64-aarch64-none-linux-gnu/aarch64-none-linux-gnu/lib64]
  collapse library dir [/home/hkd/Downloads/orangepi-build-next/toolchains/gcc-arm-11.2-2022.02-x86_64-aarch64-none-linux-gnu/bin/../aarch64-none-linux-gnu/libc/lib/../lib64] ==> [/home/hkd/Downloads/orangepi-build-next/toolchains/gcc-arm-11.2-2022.02-x86_64-aarch64-none-linux-gnu/aarch64-none-linux-gnu/libc/lib64]
  collapse library dir [/home/hkd/Downloads/orangepi-build-next/toolchains/gcc-arm-11.2-2022.02-x86_64-aarch64-none-linux-gnu/bin/../aarch64-none-linux-gnu/libc/usr/lib/../lib64] ==> [/home/hkd/Downloads/orangepi-build-next/toolchains/gcc-arm-11.2-2022.02-x86_64-aarch64-none-linux-gnu/aarch64-none-linux-gnu/libc/usr/lib64]
  collapse library dir [/home/hkd/Downloads/orangepi-build-next/toolchains/gcc-arm-11.2-2022.02-x86_64-aarch64-none-linux-gnu/bin/../lib/gcc/aarch64-none-linux-gnu/11.2.1/../../../../aarch64-none-linux-gnu/lib] ==> [/home/hkd/Downloads/orangepi-build-next/toolchains/gcc-arm-11.2-2022.02-x86_64-aarch64-none-linux-gnu/aarch64-none-linux-gnu/lib]
  collapse library dir [/home/hkd/Downloads/orangepi-build-next/toolchains/gcc-arm-11.2-2022.02-x86_64-aarch64-none-linux-gnu/bin/../aarch64-none-linux-gnu/libc/lib] ==> [/home/hkd/Downloads/orangepi-build-next/toolchains/gcc-arm-11.2-2022.02-x86_64-aarch64-none-linux-gnu/aarch64-none-linux-gnu/libc/lib]
  collapse library dir [/home/hkd/Downloads/orangepi-build-next/toolchains/gcc-arm-11.2-2022.02-x86_64-aarch64-none-linux-gnu/bin/../aarch64-none-linux-gnu/libc/usr/lib] ==> [/home/hkd/Downloads/orangepi-build-next/toolchains/gcc-arm-11.2-2022.02-x86_64-aarch64-none-linux-gnu/aarch64-none-linux-gnu/libc/usr/lib]
  implicit libs: [gomp;gcc;gcc_s;pthread;c;gcc;gcc_s]
  implicit objs: []
  implicit dirs: [/home/hkd/Downloads/orangepi-build-next/toolchains/gcc-arm-11.2-2022.02-x86_64-aarch64-none-linux-gnu/lib/gcc/aarch64-none-linux-gnu/11.2.1;/home/hkd/Downloads/orangepi-build-next/toolchains/gcc-arm-11.2-2022.02-x86_64-aarch64-none-linux-gnu/lib/gcc;/home/hkd/Downloads/orangepi-build-next/toolchains/gcc-arm-11.2-2022.02-x86_64-aarch64-none-linux-gnu/aarch64-none-linux-gnu/lib64;/home/hkd/Downloads/orangepi-build-next/toolchains/gcc-arm-11.2-2022.02-x86_64-aarch64-none-linux-gnu/aarch64-none-linux-gnu/libc/lib64;/home/hkd/Downloads/orangepi-build-next/toolchains/gcc-arm-11.2-2022.02-x86_64-aarch64-none-linux-gnu/aarch64-none-linux-gnu/libc/usr/lib64;/home/hkd/Downloads/orangepi-build-next/toolchains/gcc-arm-11.2-2022.02-x86_64-aarch64-none-linux-gnu/aarch64-none-linux-gnu/lib;/home/hkd/Downloads/orangepi-build-next/toolchains/gcc-arm-11.2-2022.02-x86_64-aarch64-none-linux-gnu/aarch64-none-linux-gnu/libc/lib;/home/hkd/Downloads/orangepi-build-next/toolchains/gcc-arm-11.2-2022.02-x86_64-aarch64-none-linux-gnu/aarch64-none-linux-gnu/libc/usr/lib]
  implicit fwks: []


Detecting CXX OpenMP compiler ABI info compiled with the following output:
Change Dir: /home/hkd/Desktop/ncnn_video/build/CMakeFiles/CMakeTmp

Run Build Command(s):/usr/bin/gmake -f Makefile cmTC_32b91/fast && /usr/bin/gmake  -f CMakeFiles/cmTC_32b91.dir/build.make CMakeFiles/cmTC_32b91.dir/build
gmake[1]: Entering directory '/home/hkd/Desktop/ncnn_video/build/CMakeFiles/CMakeTmp'
Building CXX object CMakeFiles/cmTC_32b91.dir/OpenMPTryFlag.cpp.o
/home/hkd/Downloads/orangepi-build-next/toolchains/gcc-arm-11.2-2022.02-x86_64-aarch64-none-linux-gnu/bin/aarch64-none-linux-gnu-g++   -Wall -Werror -O2 -g -fopenmp -v -std=gnu++11 -o CMakeFiles/cmTC_32b91.dir/OpenMPTryFlag.cpp.o -c /home/hkd/Desktop/ncnn_video/build/CMakeFiles/FindOpenMP/OpenMPTryFlag.cpp
Using built-in specs.
COLLECT_GCC=/home/hkd/Downloads/orangepi-build-next/toolchains/gcc-arm-11.2-2022.02-x86_64-aarch64-none-linux-gnu/bin/aarch64-none-linux-gnu-g++
Target: aarch64-none-linux-gnu
Configured with: /data/jenkins/workspace/GNU-toolchain/arm-11/src/gcc/configure --target=aarch64-none-linux-gnu --prefix= --with-sysroot=/aarch64-none-linux-gnu/libc --with-build-sysroot=/data/jenkins/workspace/GNU-toolchain/arm-11/build-aarch64-none-linux-gnu/install//aarch64-none-linux-gnu/libc --with-bugurl=https://bugs.linaro.org/ --enable-gnu-indirect-function --enable-shared --disable-libssp --disable-libmudflap --enable-checking=release --enable-languages=c,c++,fortran --with-gmp=/data/jenkins/workspace/GNU-toolchain/arm-11/build-aarch64-none-linux-gnu/host-tools --with-mpfr=/data/jenkins/workspace/GNU-toolchain/arm-11/build-aarch64-none-linux-gnu/host-tools --with-mpc=/data/jenkins/workspace/GNU-toolchain/arm-11/build-aarch64-none-linux-gnu/host-tools --with-isl=/data/jenkins/workspace/GNU-toolchain/arm-11/build-aarch64-none-linux-gnu/host-tools --enable-fix-cortex-a53-843419 --with-pkgversion='GNU Toolchain for the Arm Architecture 11.2-2022.02 (arm-11.14)'
Thread model: posix
Supported LTO compression algorithms: zlib
gcc version 11.2.1 20220111 (GNU Toolchain for the Arm Architecture 11.2-2022.02 (arm-11.14)) 
COLLECT_GCC_OPTIONS='-Wall' '-Werror' '-O2' '-g' '-fopenmp' '-v' '-std=gnu++11' '-o' 'CMakeFiles/cmTC_32b91.dir/OpenMPTryFlag.cpp.o' '-c' '-shared-libgcc' '-mlittle-endian' '-mabi=lp64' '-pthread' '-dumpdir' 'CMakeFiles/cmTC_32b91.dir/'
 /home/hkd/Downloads/orangepi-build-next/toolchains/gcc-arm-11.2-2022.02-x86_64-aarch64-none-linux-gnu/bin/../libexec/gcc/aarch64-none-linux-gnu/11.2.1/cc1plus -quiet -v -iprefix /home/hkd/Downloads/orangepi-build-next/toolchains/gcc-arm-11.2-2022.02-x86_64-aarch64-none-linux-gnu/bin/../lib/gcc/aarch64-none-linux-gnu/11.2.1/ -isysroot /home/hkd/Downloads/orangepi-build-next/toolchains/gcc-arm-11.2-2022.02-x86_64-aarch64-none-linux-gnu/bin/../aarch64-none-linux-gnu/libc -D_GNU_SOURCE -D_REENTRANT /home/hkd/Desktop/ncnn_video/build/CMakeFiles/FindOpenMP/OpenMPTryFlag.cpp -quiet -dumpdir CMakeFiles/cmTC_32b91.dir/ -dumpbase OpenMPTryFlag.cpp.cpp -dumpbase-ext .cpp -mlittle-endian -mabi=lp64 -g -O2 -Wall -Werror -std=gnu++11 -version -fopenmp -o /tmp/cc7Y3Ixv.s
GNU C++11 (GNU Toolchain for the Arm Architecture 11.2-2022.02 (arm-11.14)) version 11.2.1 20220111 (aarch64-none-linux-gnu)
	compiled by GNU C version 4.8.5 20150623 (Red Hat 4.8.5-44), GMP version 6.2.1, MPFR version 3.1.6, MPC version 1.0.3, isl version isl-0.15-1-g835ea3a-GMP

GGC heuristics: --param ggc-min-expand=100 --param ggc-min-heapsize=131072
ignoring duplicate directory "/home/hkd/Downloads/orangepi-build-next/toolchains/gcc-arm-11.2-2022.02-x86_64-aarch64-none-linux-gnu/bin/../lib/gcc/../../lib/gcc/aarch64-none-linux-gnu/11.2.1/../../../../aarch64-none-linux-gnu/include/c++/11.2.1"
ignoring duplicate directory "/home/hkd/Downloads/orangepi-build-next/toolchains/gcc-arm-11.2-2022.02-x86_64-aarch64-none-linux-gnu/bin/../lib/gcc/../../lib/gcc/aarch64-none-linux-gnu/11.2.1/../../../../aarch64-none-linux-gnu/include/c++/11.2.1/aarch64-none-linux-gnu"
ignoring duplicate directory "/home/hkd/Downloads/orangepi-build-next/toolchains/gcc-arm-11.2-2022.02-x86_64-aarch64-none-linux-gnu/bin/../lib/gcc/../../lib/gcc/aarch64-none-linux-gnu/11.2.1/../../../../aarch64-none-linux-gnu/include/c++/11.2.1/backward"
ignoring duplicate directory "/home/hkd/Downloads/orangepi-build-next/toolchains/gcc-arm-11.2-2022.02-x86_64-aarch64-none-linux-gnu/bin/../lib/gcc/../../lib/gcc/aarch64-none-linux-gnu/11.2.1/include"
ignoring nonexistent directory "/home/hkd/Downloads/orangepi-build-next/toolchains/gcc-arm-11.2-2022.02-x86_64-aarch64-none-linux-gnu/bin/../aarch64-none-linux-gnu/libc/usr/local/include"
ignoring duplicate directory "/home/hkd/Downloads/orangepi-build-next/toolchains/gcc-arm-11.2-2022.02-x86_64-aarch64-none-linux-gnu/bin/../lib/gcc/../../lib/gcc/aarch64-none-linux-gnu/11.2.1/include-fixed"
ignoring duplicate directory "/home/hkd/Downloads/orangepi-build-next/toolchains/gcc-arm-11.2-2022.02-x86_64-aarch64-none-linux-gnu/bin/../lib/gcc/../../lib/gcc/aarch64-none-linux-gnu/11.2.1/../../../../aarch64-none-linux-gnu/include"
#include "..." search starts here:
#include <...> search starts here:
 /home/hkd/Downloads/orangepi-build-next/toolchains/gcc-arm-11.2-2022.02-x86_64-aarch64-none-linux-gnu/bin/../lib/gcc/aarch64-none-linux-gnu/11.2.1/../../../../aarch64-none-linux-gnu/include/c++/11.2.1
 /home/hkd/Downloads/orangepi-build-next/toolchains/gcc-arm-11.2-2022.02-x86_64-aarch64-none-linux-gnu/bin/../lib/gcc/aarch64-none-linux-gnu/11.2.1/../../../../aarch64-none-linux-gnu/include/c++/11.2.1/aarch64-none-linux-gnu
 /home/hkd/Downloads/orangepi-build-next/toolchains/gcc-arm-11.2-2022.02-x86_64-aarch64-none-linux-gnu/bin/../lib/gcc/aarch64-none-linux-gnu/11.2.1/../../../../aarch64-none-linux-gnu/include/c++/11.2.1/backward
 /home/hkd/Downloads/orangepi-build-next/toolchains/gcc-arm-11.2-2022.02-x86_64-aarch64-none-linux-gnu/bin/../lib/gcc/aarch64-none-linux-gnu/11.2.1/include
 /home/hkd/Downloads/orangepi-build-next/toolchains/gcc-arm-11.2-2022.02-x86_64-aarch64-none-linux-gnu/bin/../lib/gcc/aarch64-none-linux-gnu/11.2.1/include-fixed
 /home/hkd/Downloads/orangepi-build-next/toolchains/gcc-arm-11.2-2022.02-x86_64-aarch64-none-linux-gnu/bin/../lib/gcc/aarch64-none-linux-gnu/11.2.1/../../../../aarch64-none-linux-gnu/include
 /home/hkd/Downloads/orangepi-build-next/toolchains/gcc-arm-11.2-2022.02-x86_64-aarch64-none-linux-gnu/bin/../aarch64-none-linux-gnu/libc/usr/include
End of search list.
GNU C++11 (GNU Toolchain for the Arm Architecture 11.2-2022.02 (arm-11.14)) version 11.2.1 20220111 (aarch64-none-linux-gnu)
	compiled by GNU C version 4.8.5 20150623 (Red Hat 4.8.5-44), GMP version 6.2.1, MPFR version 3.1.6, MPC version 1.0.3, isl version isl-0.15-1-g835ea3a-GMP

GGC heuristics: --param ggc-min-expand=100 --param ggc-min-heapsize=131072
Compiler executable checksum: c2d3e3a1b4f244c169287df7385bdbbb
COLLECT_GCC_OPTIONS='-Wall' '-Werror' '-O2' '-g' '-fopenmp' '-v' '-std=gnu++11' '-o' 'CMakeFiles/cmTC_32b91.dir/OpenMPTryFlag.cpp.o' '-c' '-shared-libgcc' '-mlittle-endian' '-mabi=lp64' '-pthread' '-dumpdir' 'CMakeFiles/cmTC_32b91.dir/'
 /home/hkd/Downloads/orangepi-build-next/toolchains/gcc-arm-11.2-2022.02-x86_64-aarch64-none-linux-gnu/bin/../lib/gcc/aarch64-none-linux-gnu/11.2.1/../../../../aarch64-none-linux-gnu/bin/as -v --gdwarf-5 -EL -mabi=lp64 -o CMakeFiles/cmTC_32b91.dir/OpenMPTryFlag.cpp.o /tmp/cc7Y3Ixv.s
GNU assembler version 2.37 (aarch64-none-linux-gnu) using BFD version (GNU Toolchain for the Arm Architecture 11.2-2022.02 (arm-11.14)) 2.37.20220122
COMPILER_PATH=/home/hkd/Downloads/orangepi-build-next/toolchains/gcc-arm-11.2-2022.02-x86_64-aarch64-none-linux-gnu/bin/../libexec/gcc/aarch64-none-linux-gnu/11.2.1/:/home/hkd/Downloads/orangepi-build-next/toolchains/gcc-arm-11.2-2022.02-x86_64-aarch64-none-linux-gnu/bin/../libexec/gcc/:/home/hkd/Downloads/orangepi-build-next/toolchains/gcc-arm-11.2-2022.02-x86_64-aarch64-none-linux-gnu/bin/../lib/gcc/aarch64-none-linux-gnu/11.2.1/../../../../aarch64-none-linux-gnu/bin/
LIBRARY_PATH=/home/hkd/Downloads/orangepi-build-next/toolchains/gcc-arm-11.2-2022.02-x86_64-aarch64-none-linux-gnu/bin/../lib/gcc/aarch64-none-linux-gnu/11.2.1/:/home/hkd/Downloads/orangepi-build-next/toolchains/gcc-arm-11.2-2022.02-x86_64-aarch64-none-linux-gnu/bin/../lib/gcc/:/home/hkd/Downloads/orangepi-build-next/toolchains/gcc-arm-11.2-2022.02-x86_64-aarch64-none-linux-gnu/bin/../lib/gcc/aarch64-none-linux-gnu/11.2.1/../../../../aarch64-none-linux-gnu/lib/../lib64/:/home/hkd/Downloads/orangepi-build-next/toolchains/gcc-arm-11.2-2022.02-x86_64-aarch64-none-linux-gnu/bin/../aarch64-none-linux-gnu/libc/lib/../lib64/:/home/hkd/Downloads/orangepi-build-next/toolchains/gcc-arm-11.2-2022.02-x86_64-aarch64-none-linux-gnu/bin/../aarch64-none-linux-gnu/libc/usr/lib/../lib64/:/home/hkd/Downloads/orangepi-build-next/toolchains/gcc-arm-11.2-2022.02-x86_64-aarch64-none-linux-gnu/bin/../lib/gcc/aarch64-none-linux-gnu/11.2.1/../../../../aarch64-none-linux-gnu/lib/:/home/hkd/Downloads/orangepi-build-next/toolchains/gcc-arm-11.2-2022.02-x86_64-aarch64-none-linux-gnu/bin/../aarch64-none-linux-gnu/libc/lib/:/home/hkd/Downloads/orangepi-build-next/toolchains/gcc-arm-11.2-2022.02-x86_64-aarch64-none-linux-gnu/bin/../aarch64-none-linux-gnu/libc/usr/lib/
COLLECT_GCC_OPTIONS='-Wall' '-Werror' '-O2' '-g' '-fopenmp' '-v' '-std=gnu++11' '-o' 'CMakeFiles/cmTC_32b91.dir/OpenMPTryFlag.cpp.o' '-c' '-shared-libgcc' '-mlittle-endian' '-mabi=lp64' '-pthread' '-dumpdir' 'CMakeFiles/cmTC_32b91.dir/OpenMPTryFlag.cpp.'
Linking CXX executable cmTC_32b91
/usr/bin/cmake -E cmake_link_script CMakeFiles/cmTC_32b91.dir/link.txt --verbose=1
/home/hkd/Downloads/orangepi-build-next/toolchains/gcc-arm-11.2-2022.02-x86_64-aarch64-none-linux-gnu/bin/aarch64-none-linux-gnu-g++ -Wall -Werror -O2 -g -fopenmp -v CMakeFiles/cmTC_32b91.dir/OpenMPTryFlag.cpp.o -o cmTC_32b91  -v 
Using built-in specs.
COLLECT_GCC=/home/hkd/Downloads/orangepi-build-next/toolchains/gcc-arm-11.2-2022.02-x86_64-aarch64-none-linux-gnu/bin/aarch64-none-linux-gnu-g++
COLLECT_LTO_WRAPPER=/home/hkd/Downloads/orangepi-build-next/toolchains/gcc-arm-11.2-2022.02-x86_64-aarch64-none-linux-gnu/bin/../libexec/gcc/aarch64-none-linux-gnu/11.2.1/lto-wrapper
Target: aarch64-none-linux-gnu
Configured with: /data/jenkins/workspace/GNU-toolchain/arm-11/src/gcc/configure --target=aarch64-none-linux-gnu --prefix= --with-sysroot=/aarch64-none-linux-gnu/libc --with-build-sysroot=/data/jenkins/workspace/GNU-toolchain/arm-11/build-aarch64-none-linux-gnu/install//aarch64-none-linux-gnu/libc --with-bugurl=https://bugs.linaro.org/ --enable-gnu-indirect-function --enable-shared --disable-libssp --disable-libmudflap --enable-checking=release --enable-languages=c,c++,fortran --with-gmp=/data/jenkins/workspace/GNU-toolchain/arm-11/build-aarch64-none-linux-gnu/host-tools --with-mpfr=/data/jenkins/workspace/GNU-toolchain/arm-11/build-aarch64-none-linux-gnu/host-tools --with-mpc=/data/jenkins/workspace/GNU-toolchain/arm-11/build-aarch64-none-linux-gnu/host-tools --with-isl=/data/jenkins/workspace/GNU-toolchain/arm-11/build-aarch64-none-linux-gnu/host-tools --enable-fix-cortex-a53-843419 --with-pkgversion='GNU Toolchain for the Arm Architecture 11.2-2022.02 (arm-11.14)'
Thread model: posix
Supported LTO compression algorithms: zlib
gcc version 11.2.1 20220111 (GNU Toolchain for the Arm Architecture 11.2-2022.02 (arm-11.14)) 
COMPILER_PATH=/home/hkd/Downloads/orangepi-build-next/toolchains/gcc-arm-11.2-2022.02-x86_64-aarch64-none-linux-gnu/bin/../libexec/gcc/aarch64-none-linux-gnu/11.2.1/:/home/hkd/Downloads/orangepi-build-next/toolchains/gcc-arm-11.2-2022.02-x86_64-aarch64-none-linux-gnu/bin/../libexec/gcc/:/home/hkd/Downloads/orangepi-build-next/toolchains/gcc-arm-11.2-2022.02-x86_64-aarch64-none-linux-gnu/bin/../lib/gcc/aarch64-none-linux-gnu/11.2.1/../../../../aarch64-none-linux-gnu/bin/
LIBRARY_PATH=/home/hkd/Downloads/orangepi-build-next/toolchains/gcc-arm-11.2-2022.02-x86_64-aarch64-none-linux-gnu/bin/../lib/gcc/aarch64-none-linux-gnu/11.2.1/:/home/hkd/Downloads/orangepi-build-next/toolchains/gcc-arm-11.2-2022.02-x86_64-aarch64-none-linux-gnu/bin/../lib/gcc/:/home/hkd/Downloads/orangepi-build-next/toolchains/gcc-arm-11.2-2022.02-x86_64-aarch64-none-linux-gnu/bin/../lib/gcc/aarch64-none-linux-gnu/11.2.1/../../../../aarch64-none-linux-gnu/lib/../lib64/:/home/hkd/Downloads/orangepi-build-next/toolchains/gcc-arm-11.2-2022.02-x86_64-aarch64-none-linux-gnu/bin/../aarch64-none-linux-gnu/libc/lib/../lib64/:/home/hkd/Downloads/orangepi-build-next/toolchains/gcc-arm-11.2-2022.02-x86_64-aarch64-none-linux-gnu/bin/../aarch64-none-linux-gnu/libc/usr/lib/../lib64/:/home/hkd/Downloads/orangepi-build-next/toolchains/gcc-arm-11.2-2022.02-x86_64-aarch64-none-linux-gnu/bin/../lib/gcc/aarch64-none-linux-gnu/11.2.1/../../../../aarch64-none-linux-gnu/lib/:/home/hkd/Downloads/orangepi-build-next/toolchains/gcc-arm-11.2-2022.02-x86_64-aarch64-none-linux-gnu/bin/../aarch64-none-linux-gnu/libc/lib/:/home/hkd/Downloads/orangepi-build-next/toolchains/gcc-arm-11.2-2022.02-x86_64-aarch64-none-linux-gnu/bin/../aarch64-none-linux-gnu/libc/usr/lib/
Reading specs from /home/hkd/Downloads/orangepi-build-next/toolchains/gcc-arm-11.2-2022.02-x86_64-aarch64-none-linux-gnu/bin/../lib/gcc/aarch64-none-linux-gnu/11.2.1/../../../../aarch64-none-linux-gnu/lib/../lib64/libgomp.spec
COLLECT_GCC_OPTIONS='-Wall' '-Werror' '-O2' '-g' '-fopenmp' '-v' '-o' 'cmTC_32b91' '-v' '-shared-libgcc' '-mlittle-endian' '-mabi=lp64' '-pthread' '-dumpdir' 'cmTC_32b91.'
 /home/hkd/Downloads/orangepi-build-next/toolchains/gcc-arm-11.2-2022.02-x86_64-aarch64-none-linux-gnu/bin/../libexec/gcc/aarch64-none-linux-gnu/11.2.1/collect2 -plugin /home/hkd/Downloads/orangepi-build-next/toolchains/gcc-arm-11.2-2022.02-x86_64-aarch64-none-linux-gnu/bin/../libexec/gcc/aarch64-none-linux-gnu/11.2.1/liblto_plugin.so -plugin-opt=/home/hkd/Downloads/orangepi-build-next/toolchains/gcc-arm-11.2-2022.02-x86_64-aarch64-none-linux-gnu/bin/../libexec/gcc/aarch64-none-linux-gnu/11.2.1/lto-wrapper -plugin-opt=-fresolution=/tmp/ccIiTc1Z.res -plugin-opt=-pass-through=-lgcc_s -plugin-opt=-pass-through=-lgcc -plugin-opt=-pass-through=-lpthread -plugin-opt=-pass-through=-lc -plugin-opt=-pass-through=-lgcc_s -plugin-opt=-pass-through=-lgcc --sysroot=/home/hkd/Downloads/orangepi-build-next/toolchains/gcc-arm-11.2-2022.02-x86_64-aarch64-none-linux-gnu/bin/../aarch64-none-linux-gnu/libc --eh-frame-hdr -dynamic-linker /lib/ld-linux-aarch64.so.1 -X -EL -maarch64linux --fix-cortex-a53-843419 -o cmTC_32b91 /home/hkd/Downloads/orangepi-build-next/toolchains/gcc-arm-11.2-2022.02-x86_64-aarch64-none-linux-gnu/bin/../aarch64-none-linux-gnu/libc/usr/lib/../lib64/crt1.o /home/hkd/Downloads/orangepi-build-next/toolchains/gcc-arm-11.2-2022.02-x86_64-aarch64-none-linux-gnu/bin/../aarch64-none-linux-gnu/libc/usr/lib/../lib64/crti.o /home/hkd/Downloads/orangepi-build-next/toolchains/gcc-arm-11.2-2022.02-x86_64-aarch64-none-linux-gnu/bin/../lib/gcc/aarch64-none-linux-gnu/11.2.1/crtbegin.o -L/home/hkd/Downloads/orangepi-build-next/toolchains/gcc-arm-11.2-2022.02-x86_64-aarch64-none-linux-gnu/bin/../lib/gcc/aarch64-none-linux-gnu/11.2.1 -L/home/hkd/Downloads/orangepi-build-next/toolchains/gcc-arm-11.2-2022.02-x86_64-aarch64-none-linux-gnu/bin/../lib/gcc -L/home/hkd/Downloads/orangepi-build-next/toolchains/gcc-arm-11.2-2022.02-x86_64-aarch64-none-linux-gnu/bin/../lib/gcc/aarch64-none-linux-gnu/11.2.1/../../../../aarch64-none-linux-gnu/lib/../lib64 -L/home/hkd/Downloads/orangepi-build-next/toolchains/gcc-arm-11.2-2022.02-x86_64-aarch64-none-linux-gnu/bin/../aarch64-none-linux-gnu/libc/lib/../lib64 -L/home/hkd/Downloads/orangepi-build-next/toolchains/gcc-arm-11.2-2022.02-x86_64-aarch64-none-linux-gnu/bin/../aarch64-none-linux-gnu/libc/usr/lib/../lib64 -L/home/hkd/Downloads/orangepi-build-next/toolchains/gcc-arm-11.2-2022.02-x86_64-aarch64-none-linux-gnu/bin/../lib/gcc/aarch64-none-linux-gnu/11.2.1/../../../../aarch64-none-linux-gnu/lib -L/home/hkd/Downloads/orangepi-build-next/toolchains/gcc-arm-11.2-2022.02-x86_64-aarch64-none-linux-gnu/bin/../aarch64-none-linux-gnu/libc/lib -L/home/hkd/Downloads/orangepi-build-next/toolchains/gcc-arm-11.2-2022.02-x86_64-aarch64-none-linux-gnu/bin/../aarch64-none-linux-gnu/libc/usr/lib CMakeFiles/cmTC_32b91.dir/OpenMPTryFlag.cpp.o -lstdc++ -lm -lgomp -lgcc_s -lgcc -lpthread -lc -lgcc_s -lgcc /home/hkd/Downloads/orangepi-build-next/toolchains/gcc-arm-11.2-2022.02-x86_64-aarch64-none-linux-gnu/bin/../lib/gcc/aarch64-none-linux-gnu/11.2.1/crtend.o /home/hkd/Downloads/orangepi-build-next/toolchains/gcc-arm-11.2-2022.02-x86_64-aarch64-none-linux-gnu/bin/../aarch64-none-linux-gnu/libc/usr/lib/../lib64/crtn.o
COLLECT_GCC_OPTIONS='-Wall' '-Werror' '-O2' '-g' '-fopenmp' '-v' '-o' 'cmTC_32b91' '-v' '-shared-libgcc' '-mlittle-endian' '-mabi=lp64' '-pthread' '-dumpdir' 'cmTC_32b91.'
gmake[1]: Leaving directory '/home/hkd/Desktop/ncnn_video/build/CMakeFiles/CMakeTmp'



Parsed CXX OpenMP implicit link information from above output:
  link line regex: [^( *|.*[/\])(aarch64-none-linux-gnu-ld|CMAKE_LINK_STARTFILE-NOTFOUND|([^/\]+-)?ld|collect2)[^/\]*( |$)]
  ignore line: [Change Dir: /home/hkd/Desktop/ncnn_video/build/CMakeFiles/CMakeTmp]
  ignore line: []
  ignore line: [Run Build Command(s):/usr/bin/gmake -f Makefile cmTC_32b91/fast && /usr/bin/gmake  -f CMakeFiles/cmTC_32b91.dir/build.make CMakeFiles/cmTC_32b91.dir/build]
  ignore line: [gmake[1]: Entering directory '/home/hkd/Desktop/ncnn_video/build/CMakeFiles/CMakeTmp']
  ignore line: [Building CXX object CMakeFiles/cmTC_32b91.dir/OpenMPTryFlag.cpp.o]
  ignore line: [/home/hkd/Downloads/orangepi-build-next/toolchains/gcc-arm-11.2-2022.02-x86_64-aarch64-none-linux-gnu/bin/aarch64-none-linux-gnu-g++   -Wall -Werror -O2 -g -fopenmp -v -std=gnu++11 -o CMakeFiles/cmTC_32b91.dir/OpenMPTryFlag.cpp.o -c /home/hkd/Desktop/ncnn_video/build/CMakeFiles/FindOpenMP/OpenMPTryFlag.cpp]
  ignore line: [Using built-in specs.]
  ignore line: [COLLECT_GCC=/home/hkd/Downloads/orangepi-build-next/toolchains/gcc-arm-11.2-2022.02-x86_64-aarch64-none-linux-gnu/bin/aarch64-none-linux-gnu-g++]
  ignore line: [Target: aarch64-none-linux-gnu]
  ignore line: [Configured with: /data/jenkins/workspace/GNU-toolchain/arm-11/src/gcc/configure --target=aarch64-none-linux-gnu --prefix= --with-sysroot=/aarch64-none-linux-gnu/libc --with-build-sysroot=/data/jenkins/workspace/GNU-toolchain/arm-11/build-aarch64-none-linux-gnu/install//aarch64-none-linux-gnu/libc --with-bugurl=https://bugs.linaro.org/ --enable-gnu-indirect-function --enable-shared --disable-libssp --disable-libmudflap --enable-checking=release --enable-languages=c c++ fortran --with-gmp=/data/jenkins/workspace/GNU-toolchain/arm-11/build-aarch64-none-linux-gnu/host-tools --with-mpfr=/data/jenkins/workspace/GNU-toolchain/arm-11/build-aarch64-none-linux-gnu/host-tools --with-mpc=/data/jenkins/workspace/GNU-toolchain/arm-11/build-aarch64-none-linux-gnu/host-tools --with-isl=/data/jenkins/workspace/GNU-toolchain/arm-11/build-aarch64-none-linux-gnu/host-tools --enable-fix-cortex-a53-843419 --with-pkgversion='GNU Toolchain for the Arm Architecture 11.2-2022.02 (arm-11.14)']
  ignore line: [Thread model: posix]
  ignore line: [Supported LTO compression algorithms: zlib]
  ignore line: [gcc version 11.2.1 20220111 (GNU Toolchain for the Arm Architecture 11.2-2022.02 (arm-11.14)) ]
  ignore line: [COLLECT_GCC_OPTIONS='-Wall' '-Werror' '-O2' '-g' '-fopenmp' '-v' '-std=gnu++11' '-o' 'CMakeFiles/cmTC_32b91.dir/OpenMPTryFlag.cpp.o' '-c' '-shared-libgcc' '-mlittle-endian' '-mabi=lp64' '-pthread' '-dumpdir' 'CMakeFiles/cmTC_32b91.dir/']
  ignore line: [ /home/hkd/Downloads/orangepi-build-next/toolchains/gcc-arm-11.2-2022.02-x86_64-aarch64-none-linux-gnu/bin/../libexec/gcc/aarch64-none-linux-gnu/11.2.1/cc1plus -quiet -v -iprefix /home/hkd/Downloads/orangepi-build-next/toolchains/gcc-arm-11.2-2022.02-x86_64-aarch64-none-linux-gnu/bin/../lib/gcc/aarch64-none-linux-gnu/11.2.1/ -isysroot /home/hkd/Downloads/orangepi-build-next/toolchains/gcc-arm-11.2-2022.02-x86_64-aarch64-none-linux-gnu/bin/../aarch64-none-linux-gnu/libc -D_GNU_SOURCE -D_REENTRANT /home/hkd/Desktop/ncnn_video/build/CMakeFiles/FindOpenMP/OpenMPTryFlag.cpp -quiet -dumpdir CMakeFiles/cmTC_32b91.dir/ -dumpbase OpenMPTryFlag.cpp.cpp -dumpbase-ext .cpp -mlittle-endian -mabi=lp64 -g -O2 -Wall -Werror -std=gnu++11 -version -fopenmp -o /tmp/cc7Y3Ixv.s]
  ignore line: [GNU C++11 (GNU Toolchain for the Arm Architecture 11.2-2022.02 (arm-11.14)) version 11.2.1 20220111 (aarch64-none-linux-gnu)]
  ignore line: [	compiled by GNU C version 4.8.5 20150623 (Red Hat 4.8.5-44)  GMP version 6.2.1  MPFR version 3.1.6  MPC version 1.0.3  isl version isl-0.15-1-g835ea3a-GMP]
  ignore line: []
  ignore line: [GGC heuristics: --param ggc-min-expand=100 --param ggc-min-heapsize=131072]
  ignore line: [ignoring duplicate directory "/home/hkd/Downloads/orangepi-build-next/toolchains/gcc-arm-11.2-2022.02-x86_64-aarch64-none-linux-gnu/bin/../lib/gcc/../../lib/gcc/aarch64-none-linux-gnu/11.2.1/../../../../aarch64-none-linux-gnu/include/c++/11.2.1"]
  ignore line: [ignoring duplicate directory "/home/hkd/Downloads/orangepi-build-next/toolchains/gcc-arm-11.2-2022.02-x86_64-aarch64-none-linux-gnu/bin/../lib/gcc/../../lib/gcc/aarch64-none-linux-gnu/11.2.1/../../../../aarch64-none-linux-gnu/include/c++/11.2.1/aarch64-none-linux-gnu"]
  ignore line: [ignoring duplicate directory "/home/hkd/Downloads/orangepi-build-next/toolchains/gcc-arm-11.2-2022.02-x86_64-aarch64-none-linux-gnu/bin/../lib/gcc/../../lib/gcc/aarch64-none-linux-gnu/11.2.1/../../../../aarch64-none-linux-gnu/include/c++/11.2.1/backward"]
  ignore line: [ignoring duplicate directory "/home/hkd/Downloads/orangepi-build-next/toolchains/gcc-arm-11.2-2022.02-x86_64-aarch64-none-linux-gnu/bin/../lib/gcc/../../lib/gcc/aarch64-none-linux-gnu/11.2.1/include"]
  ignore line: [ignoring nonexistent directory "/home/hkd/Downloads/orangepi-build-next/toolchains/gcc-arm-11.2-2022.02-x86_64-aarch64-none-linux-gnu/bin/../aarch64-none-linux-gnu/libc/usr/local/include"]
  ignore line: [ignoring duplicate directory "/home/hkd/Downloads/orangepi-build-next/toolchains/gcc-arm-11.2-2022.02-x86_64-aarch64-none-linux-gnu/bin/../lib/gcc/../../lib/gcc/aarch64-none-linux-gnu/11.2.1/include-fixed"]
  ignore line: [ignoring duplicate directory "/home/hkd/Downloads/orangepi-build-next/toolchains/gcc-arm-11.2-2022.02-x86_64-aarch64-none-linux-gnu/bin/../lib/gcc/../../lib/gcc/aarch64-none-linux-gnu/11.2.1/../../../../aarch64-none-linux-gnu/include"]
  ignore line: [#include "..." search starts here:]
  ignore line: [#include <...> search starts here:]
  ignore line: [ /home/hkd/Downloads/orangepi-build-next/toolchains/gcc-arm-11.2-2022.02-x86_64-aarch64-none-linux-gnu/bin/../lib/gcc/aarch64-none-linux-gnu/11.2.1/../../../../aarch64-none-linux-gnu/include/c++/11.2.1]
  ignore line: [ /home/hkd/Downloads/orangepi-build-next/toolchains/gcc-arm-11.2-2022.02-x86_64-aarch64-none-linux-gnu/bin/../lib/gcc/aarch64-none-linux-gnu/11.2.1/../../../../aarch64-none-linux-gnu/include/c++/11.2.1/aarch64-none-linux-gnu]
  ignore line: [ /home/hkd/Downloads/orangepi-build-next/toolchains/gcc-arm-11.2-2022.02-x86_64-aarch64-none-linux-gnu/bin/../lib/gcc/aarch64-none-linux-gnu/11.2.1/../../../../aarch64-none-linux-gnu/include/c++/11.2.1/backward]
  ignore line: [ /home/hkd/Downloads/orangepi-build-next/toolchains/gcc-arm-11.2-2022.02-x86_64-aarch64-none-linux-gnu/bin/../lib/gcc/aarch64-none-linux-gnu/11.2.1/include]
  ignore line: [ /home/hkd/Downloads/orangepi-build-next/toolchains/gcc-arm-11.2-2022.02-x86_64-aarch64-none-linux-gnu/bin/../lib/gcc/aarch64-none-linux-gnu/11.2.1/include-fixed]
  ignore line: [ /home/hkd/Downloads/orangepi-build-next/toolchains/gcc-arm-11.2-2022.02-x86_64-aarch64-none-linux-gnu/bin/../lib/gcc/aarch64-none-linux-gnu/11.2.1/../../../../aarch64-none-linux-gnu/include]
  ignore line: [ /home/hkd/Downloads/orangepi-build-next/toolchains/gcc-arm-11.2-2022.02-x86_64-aarch64-none-linux-gnu/bin/../aarch64-none-linux-gnu/libc/usr/include]
  ignore line: [End of search list.]
  ignore line: [GNU C++11 (GNU Toolchain for the Arm Architecture 11.2-2022.02 (arm-11.14)) version 11.2.1 20220111 (aarch64-none-linux-gnu)]
  ignore line: [	compiled by GNU C version 4.8.5 20150623 (Red Hat 4.8.5-44)  GMP version 6.2.1  MPFR version 3.1.6  MPC version 1.0.3  isl version isl-0.15-1-g835ea3a-GMP]
  ignore line: []
  ignore line: [GGC heuristics: --param ggc-min-expand=100 --param ggc-min-heapsize=131072]
  ignore line: [Compiler executable checksum: c2d3e3a1b4f244c169287df7385bdbbb]
  ignore line: [COLLECT_GCC_OPTIONS='-Wall' '-Werror' '-O2' '-g' '-fopenmp' '-v' '-std=gnu++11' '-o' 'CMakeFiles/cmTC_32b91.dir/OpenMPTryFlag.cpp.o' '-c' '-shared-libgcc' '-mlittle-endian' '-mabi=lp64' '-pthread' '-dumpdir' 'CMakeFiles/cmTC_32b91.dir/']
  ignore line: [ /home/hkd/Downloads/orangepi-build-next/toolchains/gcc-arm-11.2-2022.02-x86_64-aarch64-none-linux-gnu/bin/../lib/gcc/aarch64-none-linux-gnu/11.2.1/../../../../aarch64-none-linux-gnu/bin/as -v --gdwarf-5 -EL -mabi=lp64 -o CMakeFiles/cmTC_32b91.dir/OpenMPTryFlag.cpp.o /tmp/cc7Y3Ixv.s]
  ignore line: [GNU assembler version 2.37 (aarch64-none-linux-gnu) using BFD version (GNU Toolchain for the Arm Architecture 11.2-2022.02 (arm-11.14)) 2.37.20220122]
  ignore line: [COMPILER_PATH=/home/hkd/Downloads/orangepi-build-next/toolchains/gcc-arm-11.2-2022.02-x86_64-aarch64-none-linux-gnu/bin/../libexec/gcc/aarch64-none-linux-gnu/11.2.1/:/home/hkd/Downloads/orangepi-build-next/toolchains/gcc-arm-11.2-2022.02-x86_64-aarch64-none-linux-gnu/bin/../libexec/gcc/:/home/hkd/Downloads/orangepi-build-next/toolchains/gcc-arm-11.2-2022.02-x86_64-aarch64-none-linux-gnu/bin/../lib/gcc/aarch64-none-linux-gnu/11.2.1/../../../../aarch64-none-linux-gnu/bin/]
  ignore line: [LIBRARY_PATH=/home/hkd/Downloads/orangepi-build-next/toolchains/gcc-arm-11.2-2022.02-x86_64-aarch64-none-linux-gnu/bin/../lib/gcc/aarch64-none-linux-gnu/11.2.1/:/home/hkd/Downloads/orangepi-build-next/toolchains/gcc-arm-11.2-2022.02-x86_64-aarch64-none-linux-gnu/bin/../lib/gcc/:/home/hkd/Downloads/orangepi-build-next/toolchains/gcc-arm-11.2-2022.02-x86_64-aarch64-none-linux-gnu/bin/../lib/gcc/aarch64-none-linux-gnu/11.2.1/../../../../aarch64-none-linux-gnu/lib/../lib64/:/home/hkd/Downloads/orangepi-build-next/toolchains/gcc-arm-11.2-2022.02-x86_64-aarch64-none-linux-gnu/bin/../aarch64-none-linux-gnu/libc/lib/../lib64/:/home/hkd/Downloads/orangepi-build-next/toolchains/gcc-arm-11.2-2022.02-x86_64-aarch64-none-linux-gnu/bin/../aarch64-none-linux-gnu/libc/usr/lib/../lib64/:/home/hkd/Downloads/orangepi-build-next/toolchains/gcc-arm-11.2-2022.02-x86_64-aarch64-none-linux-gnu/bin/../lib/gcc/aarch64-none-linux-gnu/11.2.1/../../../../aarch64-none-linux-gnu/lib/:/home/hkd/Downloads/orangepi-build-next/toolchains/gcc-arm-11.2-2022.02-x86_64-aarch64-none-linux-gnu/bin/../aarch64-none-linux-gnu/libc/lib/:/home/hkd/Downloads/orangepi-build-next/toolchains/gcc-arm-11.2-2022.02-x86_64-aarch64-none-linux-gnu/bin/../aarch64-none-linux-gnu/libc/usr/lib/]
  ignore line: [COLLECT_GCC_OPTIONS='-Wall' '-Werror' '-O2' '-g' '-fopenmp' '-v' '-std=gnu++11' '-o' 'CMakeFiles/cmTC_32b91.dir/OpenMPTryFlag.cpp.o' '-c' '-shared-libgcc' '-mlittle-endian' '-mabi=lp64' '-pthread' '-dumpdir' 'CMakeFiles/cmTC_32b91.dir/OpenMPTryFlag.cpp.']
  ignore line: [Linking CXX executable cmTC_32b91]
  ignore line: [/usr/bin/cmake -E cmake_link_script CMakeFiles/cmTC_32b91.dir/link.txt --verbose=1]
  ignore line: [/home/hkd/Downloads/orangepi-build-next/toolchains/gcc-arm-11.2-2022.02-x86_64-aarch64-none-linux-gnu/bin/aarch64-none-linux-gnu-g++ -Wall -Werror -O2 -g -fopenmp -v CMakeFiles/cmTC_32b91.dir/OpenMPTryFlag.cpp.o -o cmTC_32b91  -v ]
  ignore line: [Using built-in specs.]
  ignore line: [COLLECT_GCC=/home/hkd/Downloads/orangepi-build-next/toolchains/gcc-arm-11.2-2022.02-x86_64-aarch64-none-linux-gnu/bin/aarch64-none-linux-gnu-g++]
  ignore line: [COLLECT_LTO_WRAPPER=/home/hkd/Downloads/orangepi-build-next/toolchains/gcc-arm-11.2-2022.02-x86_64-aarch64-none-linux-gnu/bin/../libexec/gcc/aarch64-none-linux-gnu/11.2.1/lto-wrapper]
  ignore line: [Target: aarch64-none-linux-gnu]
  ignore line: [Configured with: /data/jenkins/workspace/GNU-toolchain/arm-11/src/gcc/configure --target=aarch64-none-linux-gnu --prefix= --with-sysroot=/aarch64-none-linux-gnu/libc --with-build-sysroot=/data/jenkins/workspace/GNU-toolchain/arm-11/build-aarch64-none-linux-gnu/install//aarch64-none-linux-gnu/libc --with-bugurl=https://bugs.linaro.org/ --enable-gnu-indirect-function --enable-shared --disable-libssp --disable-libmudflap --enable-checking=release --enable-languages=c c++ fortran --with-gmp=/data/jenkins/workspace/GNU-toolchain/arm-11/build-aarch64-none-linux-gnu/host-tools --with-mpfr=/data/jenkins/workspace/GNU-toolchain/arm-11/build-aarch64-none-linux-gnu/host-tools --with-mpc=/data/jenkins/workspace/GNU-toolchain/arm-11/build-aarch64-none-linux-gnu/host-tools --with-isl=/data/jenkins/workspace/GNU-toolchain/arm-11/build-aarch64-none-linux-gnu/host-tools --enable-fix-cortex-a53-843419 --with-pkgversion='GNU Toolchain for the Arm Architecture 11.2-2022.02 (arm-11.14)']
  ignore line: [Thread model: posix]
  ignore line: [Supported LTO compression algorithms: zlib]
  ignore line: [gcc version 11.2.1 20220111 (GNU Toolchain for the Arm Architecture 11.2-2022.02 (arm-11.14)) ]
  ignore line: [COMPILER_PATH=/home/hkd/Downloads/orangepi-build-next/toolchains/gcc-arm-11.2-2022.02-x86_64-aarch64-none-linux-gnu/bin/../libexec/gcc/aarch64-none-linux-gnu/11.2.1/:/home/hkd/Downloads/orangepi-build-next/toolchains/gcc-arm-11.2-2022.02-x86_64-aarch64-none-linux-gnu/bin/../libexec/gcc/:/home/hkd/Downloads/orangepi-build-next/toolchains/gcc-arm-11.2-2022.02-x86_64-aarch64-none-linux-gnu/bin/../lib/gcc/aarch64-none-linux-gnu/11.2.1/../../../../aarch64-none-linux-gnu/bin/]
  ignore line: [LIBRARY_PATH=/home/hkd/Downloads/orangepi-build-next/toolchains/gcc-arm-11.2-2022.02-x86_64-aarch64-none-linux-gnu/bin/../lib/gcc/aarch64-none-linux-gnu/11.2.1/:/home/hkd/Downloads/orangepi-build-next/toolchains/gcc-arm-11.2-2022.02-x86_64-aarch64-none-linux-gnu/bin/../lib/gcc/:/home/hkd/Downloads/orangepi-build-next/toolchains/gcc-arm-11.2-2022.02-x86_64-aarch64-none-linux-gnu/bin/../lib/gcc/aarch64-none-linux-gnu/11.2.1/../../../../aarch64-none-linux-gnu/lib/../lib64/:/home/hkd/Downloads/orangepi-build-next/toolchains/gcc-arm-11.2-2022.02-x86_64-aarch64-none-linux-gnu/bin/../aarch64-none-linux-gnu/libc/lib/../lib64/:/home/hkd/Downloads/orangepi-build-next/toolchains/gcc-arm-11.2-2022.02-x86_64-aarch64-none-linux-gnu/bin/../aarch64-none-linux-gnu/libc/usr/lib/../lib64/:/home/hkd/Downloads/orangepi-build-next/toolchains/gcc-arm-11.2-2022.02-x86_64-aarch64-none-linux-gnu/bin/../lib/gcc/aarch64-none-linux-gnu/11.2.1/../../../../aarch64-none-linux-gnu/lib/:/home/hkd/Downloads/orangepi-build-next/toolchains/gcc-arm-11.2-2022.02-x86_64-aarch64-none-linux-gnu/bin/../aarch64-none-linux-gnu/libc/lib/:/home/hkd/Downloads/orangepi-build-next/toolchains/gcc-arm-11.2-2022.02-x86_64-aarch64-none-linux-gnu/bin/../aarch64-none-linux-gnu/libc/usr/lib/]
  ignore line: [Reading specs from /home/hkd/Downloads/orangepi-build-next/toolchains/gcc-arm-11.2-2022.02-x86_64-aarch64-none-linux-gnu/bin/../lib/gcc/aarch64-none-linux-gnu/11.2.1/../../../../aarch64-none-linux-gnu/lib/../lib64/libgomp.spec]
  ignore line: [COLLECT_GCC_OPTIONS='-Wall' '-Werror' '-O2' '-g' '-fopenmp' '-v' '-o' 'cmTC_32b91' '-v' '-shared-libgcc' '-mlittle-endian' '-mabi=lp64' '-pthread' '-dumpdir' 'cmTC_32b91.']
  link line: [ /home/hkd/Downloads/orangepi-build-next/toolchains/gcc-arm-11.2-2022.02-x86_64-aarch64-none-linux-gnu/bin/../libexec/gcc/aarch64-none-linux-gnu/11.2.1/collect2 -plugin /home/hkd/Downloads/orangepi-build-next/toolchains/gcc-arm-11.2-2022.02-x86_64-aarch64-none-linux-gnu/bin/../libexec/gcc/aarch64-none-linux-gnu/11.2.1/liblto_plugin.so -plugin-opt=/home/hkd/Downloads/orangepi-build-next/toolchains/gcc-arm-11.2-2022.02-x86_64-aarch64-none-linux-gnu/bin/../libexec/gcc/aarch64-none-linux-gnu/11.2.1/lto-wrapper -plugin-opt=-fresolution=/tmp/ccIiTc1Z.res -plugin-opt=-pass-through=-lgcc_s -plugin-opt=-pass-through=-lgcc -plugin-opt=-pass-through=-lpthread -plugin-opt=-pass-through=-lc -plugin-opt=-pass-through=-lgcc_s -plugin-opt=-pass-through=-lgcc --sysroot=/home/hkd/Downloads/orangepi-build-next/toolchains/gcc-arm-11.2-2022.02-x86_64-aarch64-none-linux-gnu/bin/../aarch64-none-linux-gnu/libc --eh-frame-hdr -dynamic-linker /lib/ld-linux-aarch64.so.1 -X -EL -maarch64linux --fix-cortex-a53-843419 -o cmTC_32b91 /home/hkd/Downloads/orangepi-build-next/toolchains/gcc-arm-11.2-2022.02-x86_64-aarch64-none-linux-gnu/bin/../aarch64-none-linux-gnu/libc/usr/lib/../lib64/crt1.o /home/hkd/Downloads/orangepi-build-next/toolchains/gcc-arm-11.2-2022.02-x86_64-aarch64-none-linux-gnu/bin/../aarch64-none-linux-gnu/libc/usr/lib/../lib64/crti.o /home/hkd/Downloads/orangepi-build-next/toolchains/gcc-arm-11.2-2022.02-x86_64-aarch64-none-linux-gnu/bin/../lib/gcc/aarch64-none-linux-gnu/11.2.1/crtbegin.o -L/home/hkd/Downloads/orangepi-build-next/toolchains/gcc-arm-11.2-2022.02-x86_64-aarch64-none-linux-gnu/bin/../lib/gcc/aarch64-none-linux-gnu/11.2.1 -L/home/hkd/Downloads/orangepi-build-next/toolchains/gcc-arm-11.2-2022.02-x86_64-aarch64-none-linux-gnu/bin/../lib/gcc -L/home/hkd/Downloads/orangepi-build-next/toolchains/gcc-arm-11.2-2022.02-x86_64-aarch64-none-linux-gnu/bin/../lib/gcc/aarch64-none-linux-gnu/11.2.1/../../../../aarch64-none-linux-gnu/lib/../lib64 -L/home/hkd/Downloads/orangepi-build-next/toolchains/gcc-arm-11.2-2022.02-x86_64-aarch64-none-linux-gnu/bin/../aarch64-none-linux-gnu/libc/lib/../lib64 -L/home/hkd/Downloads/orangepi-build-next/toolchains/gcc-arm-11.2-2022.02-x86_64-aarch64-none-linux-gnu/bin/../aarch64-none-linux-gnu/libc/usr/lib/../lib64 -L/home/hkd/Downloads/orangepi-build-next/toolchains/gcc-arm-11.2-2022.02-x86_64-aarch64-none-linux-gnu/bin/../lib/gcc/aarch64-none-linux-gnu/11.2.1/../../../../aarch64-none-linux-gnu/lib -L/home/hkd/Downloads/orangepi-build-next/toolchains/gcc-arm-11.2-2022.02-x86_64-aarch64-none-linux-gnu/bin/../aarch64-none-linux-gnu/libc/lib -L/home/hkd/Downloads/orangepi-build-next/toolchains/gcc-arm-11.2-2022.02-x86_64-aarch64-none-linux-gnu/bin/../aarch64-none-linux-gnu/libc/usr/lib CMakeFiles/cmTC_32b91.dir/OpenMPTryFlag.cpp.o -lstdc++ -lm -lgomp -lgcc_s -lgcc -lpthread -lc -lgcc_s -lgcc /home/hkd/Downloads/orangepi-build-next/toolchains/gcc-arm-11.2-2022.02-x86_64-aarch64-none-linux-gnu/bin/../lib/gcc/aarch64-none-linux-gnu/11.2.1/crtend.o /home/hkd/Downloads/orangepi-build-next/toolchains/gcc-arm-11.2-2022.02-x86_64-aarch64-none-linux-gnu/bin/../aarch64-none-linux-gnu/libc/usr/lib/../lib64/crtn.o]
    arg [/home/hkd/Downloads/orangepi-build-next/toolchains/gcc-arm-11.2-2022.02-x86_64-aarch64-none-linux-gnu/bin/../libexec/gcc/aarch64-none-linux-gnu/11.2.1/collect2] ==> ignore
    arg [-plugin] ==> ignore
    arg [/home/hkd/Downloads/orangepi-build-next/toolchains/gcc-arm-11.2-2022.02-x86_64-aarch64-none-linux-gnu/bin/../libexec/gcc/aarch64-none-linux-gnu/11.2.1/liblto_plugin.so] ==> ignore
    arg [-plugin-opt=/home/hkd/Downloads/orangepi-build-next/toolchains/gcc-arm-11.2-2022.02-x86_64-aarch64-none-linux-gnu/bin/../libexec/gcc/aarch64-none-linux-gnu/11.2.1/lto-wrapper] ==> ignore
    arg [-plugin-opt=-fresolution=/tmp/ccIiTc1Z.res] ==> ignore
    arg [-plugin-opt=-pass-through=-lgcc_s] ==> ignore
    arg [-plugin-opt=-pass-through=-lgcc] ==> ignore
    arg [-plugin-opt=-pass-through=-lpthread] ==> ignore
    arg [-plugin-opt=-pass-through=-lc] ==> ignore
    arg [-plugin-opt=-pass-through=-lgcc_s] ==> ignore
    arg [-plugin-opt=-pass-through=-lgcc] ==> ignore
    arg [--sysroot=/home/hkd/Downloads/orangepi-build-next/toolchains/gcc-arm-11.2-2022.02-x86_64-aarch64-none-linux-gnu/bin/../aarch64-none-linux-gnu/libc] ==> ignore
    arg [--eh-frame-hdr] ==> ignore
    arg [-dynamic-linker] ==> ignore
    arg [/lib/ld-linux-aarch64.so.1] ==> ignore
    arg [-X] ==> ignore
    arg [-EL] ==> ignore
    arg [-maarch64linux] ==> ignore
    arg [--fix-cortex-a53-843419] ==> ignore
    arg [-o] ==> ignore
    arg [cmTC_32b91] ==> ignore
    arg [-L/home/hkd/Downloads/orangepi-build-next/toolchains/gcc-arm-11.2-2022.02-x86_64-aarch64-none-linux-gnu/bin/../lib/gcc/aarch64-none-linux-gnu/11.2.1] ==> dir [/home/hkd/Downloads/orangepi-build-next/toolchains/gcc-arm-11.2-2022.02-x86_64-aarch64-none-linux-gnu/bin/../lib/gcc/aarch64-none-linux-gnu/11.2.1]
    arg [-L/home/hkd/Downloads/orangepi-build-next/toolchains/gcc-arm-11.2-2022.02-x86_64-aarch64-none-linux-gnu/bin/../lib/gcc] ==> dir [/home/hkd/Downloads/orangepi-build-next/toolchains/gcc-arm-11.2-2022.02-x86_64-aarch64-none-linux-gnu/bin/../lib/gcc]
    arg [-L/home/hkd/Downloads/orangepi-build-next/toolchains/gcc-arm-11.2-2022.02-x86_64-aarch64-none-linux-gnu/bin/../lib/gcc/aarch64-none-linux-gnu/11.2.1/../../../../aarch64-none-linux-gnu/lib/../lib64] ==> dir [/home/hkd/Downloads/orangepi-build-next/toolchains/gcc-arm-11.2-2022.02-x86_64-aarch64-none-linux-gnu/bin/../lib/gcc/aarch64-none-linux-gnu/11.2.1/../../../../aarch64-none-linux-gnu/lib/../lib64]
    arg [-L/home/hkd/Downloads/orangepi-build-next/toolchains/gcc-arm-11.2-2022.02-x86_64-aarch64-none-linux-gnu/bin/../aarch64-none-linux-gnu/libc/lib/../lib64] ==> dir [/home/hkd/Downloads/orangepi-build-next/toolchains/gcc-arm-11.2-2022.02-x86_64-aarch64-none-linux-gnu/bin/../aarch64-none-linux-gnu/libc/lib/../lib64]
    arg [-L/home/hkd/Downloads/orangepi-build-next/toolchains/gcc-arm-11.2-2022.02-x86_64-aarch64-none-linux-gnu/bin/../aarch64-none-linux-gnu/libc/usr/lib/../lib64] ==> dir [/home/hkd/Downloads/orangepi-build-next/toolchains/gcc-arm-11.2-2022.02-x86_64-aarch64-none-linux-gnu/bin/../aarch64-none-linux-gnu/libc/usr/lib/../lib64]
    arg [-L/home/hkd/Downloads/orangepi-build-next/toolchains/gcc-arm-11.2-2022.02-x86_64-aarch64-none-linux-gnu/bin/../lib/gcc/aarch64-none-linux-gnu/11.2.1/../../../../aarch64-none-linux-gnu/lib] ==> dir [/home/hkd/Downloads/orangepi-build-next/toolchains/gcc-arm-11.2-2022.02-x86_64-aarch64-none-linux-gnu/bin/../lib/gcc/aarch64-none-linux-gnu/11.2.1/../../../../aarch64-none-linux-gnu/lib]
    arg [-L/home/hkd/Downloads/orangepi-build-next/toolchains/gcc-arm-11.2-2022.02-x86_64-aarch64-none-linux-gnu/bin/../aarch64-none-linux-gnu/libc/lib] ==> dir [/home/hkd/Downloads/orangepi-build-next/toolchains/gcc-arm-11.2-2022.02-x86_64-aarch64-none-linux-gnu/bin/../aarch64-none-linux-gnu/libc/lib]
    arg [-L/home/hkd/Downloads/orangepi-build-next/toolchains/gcc-arm-11.2-2022.02-x86_64-aarch64-none-linux-gnu/bin/../aarch64-none-linux-gnu/libc/usr/lib] ==> dir [/home/hkd/Downloads/orangepi-build-next/toolchains/gcc-arm-11.2-2022.02-x86_64-aarch64-none-linux-gnu/bin/../aarch64-none-linux-gnu/libc/usr/lib]
    arg [CMakeFiles/cmTC_32b91.dir/OpenMPTryFlag.cpp.o] ==> ignore
    arg [-lstdc++] ==> lib [stdc++]
    arg [-lm] ==> lib [m]
    arg [-lgomp] ==> lib [gomp]
    arg [-lgcc_s] ==> lib [gcc_s]
    arg [-lgcc] ==> lib [gcc]
    arg [-lpthread] ==> lib [pthread]
    arg [-lc] ==> lib [c]
    arg [-lgcc_s] ==> lib [gcc_s]
    arg [-lgcc] ==> lib [gcc]
  collapse library dir [/home/hkd/Downloads/orangepi-build-next/toolchains/gcc-arm-11.2-2022.02-x86_64-aarch64-none-linux-gnu/bin/../lib/gcc/aarch64-none-linux-gnu/11.2.1] ==> [/home/hkd/Downloads/orangepi-build-next/toolchains/gcc-arm-11.2-2022.02-x86_64-aarch64-none-linux-gnu/lib/gcc/aarch64-none-linux-gnu/11.2.1]
  collapse library dir [/home/hkd/Downloads/orangepi-build-next/toolchains/gcc-arm-11.2-2022.02-x86_64-aarch64-none-linux-gnu/bin/../lib/gcc] ==> [/home/hkd/Downloads/orangepi-build-next/toolchains/gcc-arm-11.2-2022.02-x86_64-aarch64-none-linux-gnu/lib/gcc]
  collapse library dir [/home/hkd/Downloads/orangepi-build-next/toolchains/gcc-arm-11.2-2022.02-x86_64-aarch64-none-linux-gnu/bin/../lib/gcc/aarch64-none-linux-gnu/11.2.1/../../../../aarch64-none-linux-gnu/lib/../lib64] ==> [/home/hkd/Downloads/orangepi-build-next/toolchains/gcc-arm-11.2-2022.02-x86_64-aarch64-none-linux-gnu/aarch64-none-linux-gnu/lib64]
  collapse library dir [/home/hkd/Downloads/orangepi-build-next/toolchains/gcc-arm-11.2-2022.02-x86_64-aarch64-none-linux-gnu/bin/../aarch64-none-linux-gnu/libc/lib/../lib64] ==> [/home/hkd/Downloads/orangepi-build-next/toolchains/gcc-arm-11.2-2022.02-x86_64-aarch64-none-linux-gnu/aarch64-none-linux-gnu/libc/lib64]
  collapse library dir [/home/hkd/Downloads/orangepi-build-next/toolchains/gcc-arm-11.2-2022.02-x86_64-aarch64-none-linux-gnu/bin/../aarch64-none-linux-gnu/libc/usr/lib/../lib64] ==> [/home/hkd/Downloads/orangepi-build-next/toolchains/gcc-arm-11.2-2022.02-x86_64-aarch64-none-linux-gnu/aarch64-none-linux-gnu/libc/usr/lib64]
  collapse library dir [/home/hkd/Downloads/orangepi-build-next/toolchains/gcc-arm-11.2-2022.02-x86_64-aarch64-none-linux-gnu/bin/../lib/gcc/aarch64-none-linux-gnu/11.2.1/../../../../aarch64-none-linux-gnu/lib] ==> [/home/hkd/Downloads/orangepi-build-next/toolchains/gcc-arm-11.2-2022.02-x86_64-aarch64-none-linux-gnu/aarch64-none-linux-gnu/lib]
  collapse library dir [/home/hkd/Downloads/orangepi-build-next/toolchains/gcc-arm-11.2-2022.02-x86_64-aarch64-none-linux-gnu/bin/../aarch64-none-linux-gnu/libc/lib] ==> [/home/hkd/Downloads/orangepi-build-next/toolchains/gcc-arm-11.2-2022.02-x86_64-aarch64-none-linux-gnu/aarch64-none-linux-gnu/libc/lib]
  collapse library dir [/home/hkd/Downloads/orangepi-build-next/toolchains/gcc-arm-11.2-2022.02-x86_64-aarch64-none-linux-gnu/bin/../aarch64-none-linux-gnu/libc/usr/lib] ==> [/home/hkd/Downloads/orangepi-build-next/toolchains/gcc-arm-11.2-2022.02-x86_64-aarch64-none-linux-gnu/aarch64-none-linux-gnu/libc/usr/lib]
  implicit libs: [stdc++;m;gomp;gcc_s;gcc;pthread;c;gcc_s;gcc]
  implicit objs: []
  implicit dirs: [/home/hkd/Downloads/orangepi-build-next/toolchains/gcc-arm-11.2-2022.02-x86_64-aarch64-none-linux-gnu/lib/gcc/aarch64-none-linux-gnu/11.2.1;/home/hkd/Downloads/orangepi-build-next/toolchains/gcc-arm-11.2-2022.02-x86_64-aarch64-none-linux-gnu/lib/gcc;/home/hkd/Downloads/orangepi-build-next/toolchains/gcc-arm-11.2-2022.02-x86_64-aarch64-none-linux-gnu/aarch64-none-linux-gnu/lib64;/home/hkd/Downloads/orangepi-build-next/toolchains/gcc-arm-11.2-2022.02-x86_64-aarch64-none-linux-gnu/aarch64-none-linux-gnu/libc/lib64;/home/hkd/Downloads/orangepi-build-next/toolchains/gcc-arm-11.2-2022.02-x86_64-aarch64-none-linux-gnu/aarch64-none-linux-gnu/libc/usr/lib64;/home/hkd/Downloads/orangepi-build-next/toolchains/gcc-arm-11.2-2022.02-x86_64-aarch64-none-linux-gnu/aarch64-none-linux-gnu/lib;/home/hkd/Downloads/orangepi-build-next/toolchains/gcc-arm-11.2-2022.02-x86_64-aarch64-none-linux-gnu/aarch64-none-linux-gnu/libc/lib;/home/hkd/Downloads/orangepi-build-next/toolchains/gcc-arm-11.2-2022.02-x86_64-aarch64-none-linux-gnu/aarch64-none-linux-gnu/libc/usr/lib]
  implicit fwks: []


Determining if the include file pthread.h exists passed with the following output:
Change Dir: /home/hkd/Desktop/ncnn_video/build/CMakeFiles/CMakeTmp

Run Build Command(s):/usr/bin/gmake -f Makefile cmTC_c1f3c/fast && /usr/bin/gmake  -f CMakeFiles/cmTC_c1f3c.dir/build.make CMakeFiles/cmTC_c1f3c.dir/build
gmake[1]: Entering directory '/home/hkd/Desktop/ncnn_video/build/CMakeFiles/CMakeTmp'
Building C object CMakeFiles/cmTC_c1f3c.dir/CheckIncludeFile.c.o
/home/hkd/Downloads/orangepi-build-next/toolchains/gcc-arm-11.2-2022.02-x86_64-aarch64-none-linux-gnu/bin/aarch64-none-linux-gnu-gcc   -Wall -Werror -O2 -g  -std=gnu11 -o CMakeFiles/cmTC_c1f3c.dir/CheckIncludeFile.c.o -c /home/hkd/Desktop/ncnn_video/build/CMakeFiles/CMakeTmp/CheckIncludeFile.c
Linking C executable cmTC_c1f3c
/usr/bin/cmake -E cmake_link_script CMakeFiles/cmTC_c1f3c.dir/link.txt --verbose=1
/home/hkd/Downloads/orangepi-build-next/toolchains/gcc-arm-11.2-2022.02-x86_64-aarch64-none-linux-gnu/bin/aarch64-none-linux-gnu-gcc -Wall -Werror -O2 -g  CMakeFiles/cmTC_c1f3c.dir/CheckIncludeFile.c.o -o cmTC_c1f3c 
gmake[1]: Leaving directory '/home/hkd/Desktop/ncnn_video/build/CMakeFiles/CMakeTmp'



Performing C SOURCE FILE Test CMAKE_HAVE_LIBC_PTHREAD succeeded with the following output:
Change Dir: /home/hkd/Desktop/ncnn_video/build/CMakeFiles/CMakeTmp

Run Build Command(s):/usr/bin/gmake -f Makefile cmTC_b0609/fast && /usr/bin/gmake  -f CMakeFiles/cmTC_b0609.dir/build.make CMakeFiles/cmTC_b0609.dir/build
gmake[1]: Entering directory '/home/hkd/Desktop/ncnn_video/build/CMakeFiles/CMakeTmp'
Building C object CMakeFiles/cmTC_b0609.dir/src.c.o
/home/hkd/Downloads/orangepi-build-next/toolchains/gcc-arm-11.2-2022.02-x86_64-aarch64-none-linux-gnu/bin/aarch64-none-linux-gnu-gcc -DCMAKE_HAVE_LIBC_PTHREAD  -Wall -Werror -O2 -g  -std=gnu11 -o CMakeFiles/cmTC_b0609.dir/src.c.o -c /home/hkd/Desktop/ncnn_video/build/CMakeFiles/CMakeTmp/src.c
Linking C executable cmTC_b0609
/usr/bin/cmake -E cmake_link_script CMakeFiles/cmTC_b0609.dir/link.txt --verbose=1
/home/hkd/Downloads/orangepi-build-next/toolchains/gcc-arm-11.2-2022.02-x86_64-aarch64-none-linux-gnu/bin/aarch64-none-linux-gnu-gcc -Wall -Werror -O2 -g  CMakeFiles/cmTC_b0609.dir/src.c.o -o cmTC_b0609 
gmake[1]: Leaving directory '/home/hkd/Desktop/ncnn_video/build/CMakeFiles/CMakeTmp'


Source file was:
#include <pthread.h>

static void* test_func(void* data)
{
  return data;
}

int main(void)
{
  pthread_t thread;
  pthread_create(&thread, NULL, test_func, NULL);
  pthread_detach(thread);
  pthread_cancel(thread);
  pthread_join(thread, NULL);
  pthread_atfork(NULL, NULL, NULL);
  pthread_exit(NULL);

  return 0;
}

